,source,title,content,description,url,published_at,tags
0,France 24,هل ينجح الرئيس الإيراني المنتخب بتنفيذ وعوده؟,,"
                                                تجيب مايسة عواد على أسئلة علا عباسي حول نتائج الانتخابات الرئاسية الإيرانية بعد إعلان فوز الإصلاحي مسعود بيزشكيان  في الجولة الثانية من الانتخابات الرئاسيّة الإيرانيّة أمام المرشّح المحافظ المتشدّد سعيد جليلي. فهل سيستطيع الرئيس المنتخب تحقيق وعوده الانتخابية؟ وما التغييرات التي يمكن أن يحملها لجهة العلاقة مع الولايات المتحدة والدول العربية؟                    ",https://www.france24.com/ar/%D9%81%D9%8A%D8%AF%D9%8A%D9%88/20240706-%D9%87%D9%84-%D9%8A%D9%86%D8%AC%D8%AD-%D8%A8%D9%8A%D8%B2%D8%B4%D9%83%D9%8A%D8%A7%D9%86-%D8%A8%D8%AA%D9%86%D9%81%D9%8A%D8%B0-%D9%88%D8%B9%D9%88%D8%AF%D9%87,06/07/2024 - 20:53,
1,France 24,بين ترامب واليمين المتطرف...هل سيغير الغرب مواقفه حيال الحرب في أوكرانيا؟,"
يثير صعود التيارات الشعبوية في أوروبا قلقا حول مستقبل الدعم المقدم لأوكرانيا، سياسيا وعسكريا، لمواجهة الغزو الروسي. يفسر هذه المخاوف، التقدم الكبير الذي حققته أحزاب اليمين المتطرف خلال الانتخابات الأوروبية الأخيرة التي جرت بين 6 و9 يونيو/حزيران.
ففي فرنسا وألمانيا وإيطاليا والنمسا، حققت هذه التيارات الفوز في الانتخابات، فيما عزّز الهولنديون موقع حزب خِيرت فيلدرز الذي حل ثانيا بنسبة 16.97 بالمئة.
في هذا السياق، أبدت الصحافية تيتيانا أوغاركوفا رئيسة القسم الدولي بالمركز الإعلامي للأزمات في أوكرانيا قلقها، وقالت في تصريحات لفرانس24: ""يشكل هذا الاتجاه القومي الذي يتقدم في البرلمان الأوروبي خطورة كبيرة على أوكرانيا""، مضيفة: ""نحن نعرف مدى قرب العديد من هذه الأطراف مع الكرملين ومن الواضح أن هذا لا يجعل مهمتنا أسهل"".
بدورها، قالت النائبة المعارضة ليسيا فاسيلينكو، والتي دعمت فولوديمير زيلينسكي منذ بدء الغزو الروسي، إن الانتخابات الأوروبية استقطبت كثيرا من الاهتمام في البلاد رغم أن القضية كانت تعتبر ثانوية لدى الأوكرانيين. وقالت فاسيلينكو: ""لسنا أعضاء في الاتحاد الأوروبي وسكاننا يركزون بشدة على تطورات الحرب، خاصة في خاركيف ودونيتسك حيث احتدم القتال في الأسابيع الأخيرة. لكن موضوع (الانتخابات الأوروبية) حظي باهتمام واسع في وسائل الإعلام والدوائر السياسية.""
ولعل أبرز ما يثير قلق الأوكرانيين، ""الروابط المالية"" المفترضة بين بعض الجماعات اليمينية المتطرفة الأوروبية وروسيا، والتي أثارت في السابق كثيرا من الجدل، وحتى بعض الفضائح، في النمسا وفرنسا وألمانيا.
يعلق عامر سبايلة، وهو خبير استراتيجي ومحلل سياسي، على هذه القضية في تصريحات لفرانس24 قائلا ينبغي الأخذ في عين الاعتبار أن مسألة دعم أوكرانيا ""ما زالت مستمرة"". وقال إن ""التحرك داخل الأروقة السياسية الأوروبية مع هذا التغيير (صعود اليمين المتطرف) يضع أوكرانيا كنقطة فاصلة. يتزامن ذلك أيضا مع التغير المتوقع بالولايات المتحدة في حال وصول الجمهوريين (دونالد ترامب) إلى السلطة"".
في المقابل، قلل حسين الوائلي، الصحافي المعتمد لدى الاتحاد الأوروبي، من مخاطر صعود اليمين المتطرف واعتبر أن الأخير لا يستطيع أن يعرقل خطط دعم أوكرانيا لأنه ""لا يمثل الأغلبية"". وتابع إن الاضطلاع بهذه الملف هو من صلاحية وزارات الخارجية في دول التكتل، وبالتالي فإن هذا المسار ""يمر عبر مراكز القرار التنفيذية ولا يتدخل البرلمان الأوروبي تحديدا فيه"".
ولفت الوائلي إلى وجود ""خطط استباقية لمواجهة مثل هذه المخاوف""، مثل القمة الأوروبية المنعقدة مطلع العام الجاري في بروكسل والتي أقرت مساعدات مالية لأوكرانيا بقيمة 54 مليار يورو. كما أشار محدثنا إلى صندوق اقترحه حلف شمال الأطلسي مسبقا ويمكن الاعتماد عليه حتى في احتمال عودة ترامب أو صعود اليمين المتطرف، ""ومن ثمة فإن هذه الإمدادات المالية والعسكرية لا زالت مستمرة ولا يمكن عرقلتها. هناك إذن خطة مالية وإنتاج للأسلحة وهناك رؤى لبعض الدول الأوروبية أن تدفع بانضمام أوكرانيا إلى الاتحاد الأوروبي. دول الناتو تعمل بشكل جدي لجعلها عضوا في الحلف"". وحذّر الصحافي المعتمد لدى التكتل من أن عرقلة دعم أوكرانيا ""قد يدفع الروس إلى التوغل شرقا في دول مثل لتوانيا، لاتفيا، إستونيا"".
وكان الرئيس الروسي فلاديمير بوتين حذر في أواخر مايو/أيار من ""عواقب خطيرة"" إذا ما أعطت الدول الغربية موافقتها لأوكرانيا على استخدام أسلحتها لضرب بلاده.
وقال بوتين: ""في أوروبا، وخاصة في الدول الصغيرة، يجب أن يكونوا مدركين لما يقومون به. يجب أن يتذكروا أنهم دول ذات أراض صغيرة مع كثافة سكانية عالية. يجب أن يأخذوا ذلك في الاعتبار قبل الحديث عن ضرب الأراضي الروسية في العمق"".
وهذه الدول التي هدّد بوتين بضربها، هي حسبما قال لنا المحلل السياسي محمود الأفندي في تصريحات سابقة، ""دول البلطيق الثلاث ليتوانيا ولاتفيا وإستونيا، خصوصا وأن هذه الدول هي التي تقف وراء المبادرات التي نراها الآن وتقود نحو التصعيد الغربي. كما أن هناك سبب آخر هو أهميتها الاستراتيجية وتواجد جيب كالينينغراد (جنوبها) ما يعني فتح روسيا ممرا بريا للوصول إلى هذه المدينة"".
بالعودة إلى موضوع اليمين المتطرف، أكد عامر سبايلة بأن وصول التيارات الشعبوية إلى السلطة في دول أوروبية كثيرة قد يتسبب في فقدان ""مسألة أوكرانيا أولويتها، وهو ما يعني وجود تناغم ما بين التغير الحاصل في السياسة الأوروبية والتغير المحتمل المقبل في واشنطن"".
كما لفت الخبير الاستراتيجي أيضا إلى أن ذلك سيحول قضية أوكرانيا إلى ""مجرد مادة في السياسة الداخلية باعتبار أنها أصبحت أقرب إلى فكرة حرب الاستنزاف بما في ذلك الاقتصادي، إلى جانب انعكاساتها الأمنية والمجتمعية"".
على الصعيد الأمريكي، لم يتوان ترامب خلال تجمع انتخابي في كارولاينا الجنوبية مطلع فبراير/شباط، الإعلان عن أنه قد ""يشجع"" روسيا على مهاجمة الدول الأعضاء في  حلف شمال الأطلسي التي لا تفي بالتزاماتها المالية في حال عودته إلى البيت الأبيض بعد انتخابات نوفمبر/تشرين الثاني.
وينتقد ترامب بانتظام حلفاءه في التحالف العسكري لعدم تمويل المؤسسة بشكل كاف. وهدد مرات عدة بالانسحاب من التحالف في حال عودته إلى البيت الأبيض، وهو ما يثير قلقا كبيرا حيال مصير الدعم الأمريكي للأوكرانيين.
لكن أنطون جيراشينكو مستشار وزير الداخلية الأوكراني قال في حوار سابق مع فرانس24، إن بلاده لا تخشى من سيناريو عودة ترامب إلى الرئاسة. وصرح في هذا الشأن: ""الحقيقة، وإذا صيغ الأمر بهذه الطريقة، فإننا لم نعد خائفين بتاتا. لقد توقفنا عن الخوف إلى الأبد بعد 24 فبراير/شباط 2022. نحن نقاتل ونتحرك. لا أعتقد أن ترامب هو كما تصوره الدعاية الروسية"".
وتابع جيراشينكو: ""رغم أن الكثير من الأمور تعتمد على الرئيس الأمريكي، لكن هناك أيضا الكونغرس والحكومة والشعب الأمريكي. أنا أعرف أن الكثيرين في الولايات المتحدة يقفون إلى جانب أوكرانيا ويدعمونها، بإخلاص، وفعالية، وبإصرار عظيم"".
والأربعاء، توصلت دول حلف شمال الأطلسي إلى تعهد مخفف لمواصلة تزويد أوكرانيا بأسلحة تبلغ قيمتها نحو 40 مليار يورو العام المقبل، في مبادرة سيتم الكشف عنها في قمة الناتو التي تعقد في واشنطن الأسبوع المقبل.
لكن دبلوماسيين قالوا إن الولايات المتحدة شدّدت على وجوب أن تتم مراجعة التعهد غير الملزم قانونا العام المقبل. وأوضحوا أن حجة واشنطن هي أنه ليس من الممكن إلزام أي إدارة مستقبلية في البيت الأبيض بالإنفاق.  كما سيسعى التحالف أيضا إلى حماية شحنات الأسلحة من عودة محتملة لدونالد ترامب إلى الرئاسة الأمريكية من خلال إبقاء السيطرة على تنسيق الإمدادات بيد التحالف بدلا من واشنطن.
تعقيبا، قال عامر سبايلة إن هذا التحرك على المستوى الأوروبي ""يحاول أن يستبق كل السيناريوهات عبر الترويج لأهمية هذه الحرب وخطر انتصار روسيا، وأيضا بداية الاستعداد لاحتمال حدوث تغيير في الولايات المتحدة عبر محاولة إبقاء أوكرانيا كأولوية، ومنه جاء طرح وزير خارجية ألمانيا موضوع ناتو أكثر أوروبية، وهو ليس طرح جديد بل ظهر مع وصول ترامب للمرة الأولى عندما تحدث مع الرئيس الفرنسي إيمانويل ماكرون وأنغيلا ميركل (المستشارة الألمانية السابقة) عن موضوع الجيش الأوروبي. إذن فالأولويات اليوم هي على أبواب التغيير سواء على المستوى الدولي، أو على مستوى السياسة الداخلية في الاتحاد الأوروبي"".
وأضاف سبايلة بأن تغير المواقف الغربية حيال دعم أوكرانيا هو ""ليس تخليا عنها بقدر ما أن الأمور يمكن أن تفرض عبر فكرة السياسة الواقعية تدريجيا لإيجاد حلول وإنهاء هذه الأزمة، التي تُسوّق على أنها صراع استنزاف. أعتقد أنه في حال تغير في مواقع القرار سواء بواشنطن أو في أوروبا، فإن الحديث عن إغلاق هذا الملف سيكون أكثر جدية"".
من جانبه، يرى حسين الوائلي بأن الاحتمال الوحيد لحدوث عرقلة فيما يخص اكتساح اليمين المتطرف للسياسة الأوروبية، سيكون محصورا على ""بعض الدول السيادية في الاتحاد مثل فرنسا. حيث إن صعود جناح جوردان بارديلا سيكون خيارا فرنسيا وليس أوروبيا"". وبالتالي، ينبغي النظر حسبه إلى النصف الممتلئ من الكوب، أي وجود ""189 مقعدا يحوزها حزب الشعب الأوروبي وهو يمثل يمين الوسط المنحاز جدا لدعم أوكرانيا، كما أن هناك اليسار الذي من الصعب تخيل أن يتحالف في البرلمان لعرقلة هذه الخطط التي وضعت مسبقا وتم إقرارها فعلا واكتسبت الدعم الأوروبي القطعي، إن ماليا، أو بالنسبة إلى الدعم بالسلاح، وأيضا من الناحية القانونية"".","
                                        أجمع المراقبون الذي حاورتهم فرانس24 على أن صعود اليمين المتطرف في الاتحاد الأوروبي والعودة المحتملة للرئيس الأمريكي السابق دونالد ترامب للسلطة، سيشكلان منعطفا للحرب في أوكرانيا، لاسيما الدعم الغربي لكييف في وجه الغزو الروسي، وذلك رغم وجود ""خطط استباقية"" تم وضعها خصيصا تحسبا لمثل هذا السيناريو.                ",https://www.france24.com/ar/%D8%A3%D9%88%D8%B1%D9%88%D8%A8%D8%A7/20240706-%D8%AA%D8%B1%D8%A7%D9%85%D8%A8-%D8%A7%D9%84%D9%8A%D9%85%D9%8A%D9%86-%D8%A7%D9%84%D9%85%D8%AA%D8%B7%D8%B1%D9%81-%D8%A7%D9%84%D8%BA%D8%B1%D8%A8-%D9%85%D9%88%D8%A7%D9%82%D9%81-%D8%A7%D9%84%D8%AD%D8%B1%D8%A8-%D8%A3%D9%88%D9%83%D8%B1%D8%A7%D9%86%D9%8A%D8%A7,06/07/2024 - 15:45,"

                                    أوروبا
                            "
2,France 24,كأس أمم أوروبا: إنكلترا تكرس عقدة سويسرا وتتغلب عليها بركلات الترجيح 5-3 وتصل لنصف النهائي,"

كرست إنكلترا السبت عقدة سويسرا في ربع نهائي كأس الأمم الأوروبية بعد أن هزمتها بركلات الترجيح 5-3 وبلغت بذلك نصف نهائي البطولة (دور الأربعة). وانتهى الوقت الأصلي للمباراة متبوعا بشوطين إضافيين بالتعادل بهدف لكل فريق على ملعب دوسلدورف أرينا في دوسلدورف.


وكانت سويسرا البادئة بالتسجيل عبر مهاجم موناكو الفرنسي بريل إمبولو (75)، وردت إنكلترا بعد خمس دقائق بواسطة جناح أرسنال بوكايو ساكا (80).
وفي ركلات الترجيح تألق حارس مرمى إيفرتون جوردان بيكفورد في التصدي للركلة الترجيحية الأولى لسويسرا والتي انبرى لها مدافع مانشستر سيتي الإنكليزي مانويل أكانجي، فيما نجح خماسي منتخب ""الأسود الثلاثة"" (كول بالمر وجود بيلينغهام وساكا وإيفان طوني وترنت ألكسندر-أرنولد) في تسجيل الركلات الخمس للسلسلة الأولى.
وتلتقي إنكلترا في نصف النهائي الأربعاء المقبل مع هولندا أو تركيا اللتين تلتقيان لاحقا في برلين. وواصلت إنكلترا معاناتها في البطولة وإن كان أداء لاعبيها اليوم أفضل نسبيا، لكنها مرة أخرى عادت من بعيد وحولت تخلفها بهدف قبل ربع ساعة من نهاية المباراة إلى تعادل بفضل المدفعجي ساكا، قبل أن ينقذ بيكفورد رأس مدربه غاريث ساوثغيت في مباراته المئة على رأس الإدارة الفنية للمنتخب، بتصديه للركلة الترجيحية لأكانجي.
وهي المرة الرابعة التي تبلغ فيها إنكلترا، الساعية إلى لقبها الأول في الكأس القارية والثاني الكبير في سجلها بعد مونديال 1966 على أرضها، نصف النهائي كأس أوروبا بعد 1968 و1996 و2020 (أقيمت في عام 2021 بسبب كوفيد).
وأنهت إنكلترا المشوار الرائع لسويسرا في النسخة الحالية وحطمت آمالها في بلوغ نصف النهائي للمرة الأولى في البطولات الكبرى وحرمتها في فك عقدة ربع النهائي الذي فشلت في تخطيه في مونديال 1934 و1938 و1954 وفي النسختين الاخيرتين لكأس أوروبا (2021 و2024).
وشهد الشوط الاول من المباراة حذرا كبيرا من كلا المنتخبين اللذين حاول كل منهما جس نبض الآخر دون فرص خطيرة على المرميين ما دفعهما وخصوصا إنكلترا إلى التسديد من بعيد لكن الكرة اصطدمت أغلب الأحيان بتكتل دفاعي سويسري. وتحسن الأداء نسبيا في الشوط الثاني مع بعض الفرص السانحة التي استغل كل منها واحدة وهز بها الشباك، ولم ينجح أي منهما في حسم النتيجة في صالحه فكان ذلك في الركلات الترجيحية التي ابتسمت للإنكليز.
","
                                        تأهلت إنكلترا لنصف نهائي كأس الأمم الأوروبية بعد فوزها على سويسرا بركلات الترجيح 5-3. وكان الوقت الأصلي للمباراة كان قد انتهى بالتعادل 1-1                ",https://www.france24.com/ar/%D8%B1%D9%8A%D8%A7%D8%B6%D8%A9/20240706-%D9%83%D8%A3%D8%B3-%D8%A3%D9%85%D9%85-%D8%A3%D9%88%D8%B1%D9%88%D8%A8%D8%A7-%D8%A5%D9%86%D9%83%D9%84%D8%AA%D8%B1%D8%A7-%D8%AA%D8%AA%D8%BA%D9%84%D8%A8-%D8%B9%D9%84%D9%89-%D8%B3%D9%88%D9%8A%D8%B3%D8%B1%D8%A7-%D8%A8%D8%B1%D9%83%D9%84%D8%A7%D8%AA-%D8%A7%D9%84%D8%AA%D8%B1%D8%AC%D9%8A%D8%AD-5-3-%D9%88%D8%AA%D8%AA%D8%A3%D9%87%D9%84-%D9%84%D9%86%D8%B5%D9%81-%D8%A7%D9%84%D9%86%D9%87%D8%A7%D8%A6%D9%8A,06/07/2024 - 20:40,"

                                    رياضة
                            "
3,France 24,المنتخب الفرنسي يبدأ تحضيراته لموقعة نصف النهائي ضد إسبانيا,,"
                                                استهل المنتخب الفرنسي السبت تحضيراته لموقعة نصف نهائي كأس أمم أوروبا 2024 والتي ستجمعه مع المنتخب الإسباني مساء الثلاثاء. ويسعى ""الديوك"" بقيادة كيليان مبابي لإدراك لقبهم القاري الثالث في البطولة.                    ",https://www.france24.com/ar/%D9%81%D9%8A%D8%AF%D9%8A%D9%88/20240706-%D8%A7%D9%84%D9%85%D9%86%D8%AA%D8%AE%D8%A8-%D8%A7%D9%84%D9%81%D8%B1%D9%86%D8%B3%D9%8A-%D9%8A%D8%A8%D8%AF%D8%A3-%D8%AA%D8%AD%D8%B6%D9%8A%D8%B1%D8%A7%D8%AA%D9%87-%D9%84%D9%85%D9%88%D9%82%D8%B9%D8%A9-%D9%86%D8%B5%D9%81-%D8%A7%D9%84%D9%86%D9%87%D8%A7%D8%A6%D9%8A-%D8%B6%D8%AF-%D8%A5%D8%B3%D8%A8%D8%A7%D9%86%D9%8A%D8%A7,06/07/2024 - 23:39,
4,France 24,حماس تنتظر ردا من إسرائيل بحلول السبت المقبل على مقترح وقف إطلاق النار وتحرير الأسرى,"
أهم الأحداث:
وزارة الصحة في غزة: مقتل 38098 فلسطينيا على الأقل وإصابة 87705 آخرين
حماس تنتظر ردا من إسرائيل على مقترح وقف إطلاق النار خلال أسبوع
حماس تقبل بمقترح أمريكي لبدء محادثات بشأن إطلاق سراح الرهائن الإسرائيليين
حزب الله يعلن استهداف مواقع عسكرية إسرائيلية بأكثر من 200 صاروخ

فرانس24/ رويترز/ أ ف ب","
                                        قال مصدر قريب من المفاوضات غير المباشرة الجارية في الدوحة بين حركة حماس وإسرائيل إن ""الوفد الإسرائيلي غادر الدوحة إثر اجتماعات مع الوسطاء القطريين""، فيما تنتظر  حماس ردا من تل أبيب بحلول السبت على ""أفكار"" جديدة لوقف إطلاق النار في قطاع غزة. وكان مصدر كبير في حماس قد أفاد بأن الحركة قبلت مقترحا أمريكيا لبدء محادثات بشأن إطلاق سراح الرهائن الإسرائيليين، بما في ذلك الجنود والرجال، خلال 16 يوما بعد المرحلة الأولى من الاتفاق. وياتي ذلك وسط مخاوف مخاوف من أن يتخذ النزاع بعدا إقليميا مع التصعيد الحاصل عند الحدود بين لبنان وإسرائيل.                ",https://www.france24.com/ar/%D8%A7%D9%84%D8%B4%D8%B1%D9%82-%D8%A7%D9%84%D8%A3%D9%88%D8%B3%D8%B7/20240706-%F0%9F%94%B4-%D9%85%D8%A8%D8%A7%D8%B4%D8%B1-%D8%AD%D9%85%D8%A7%D8%B3-%D8%AA%D9%82%D8%A8%D9%84-%D8%A8%D9%85%D9%82%D8%AA%D8%B1%D8%AD-%D8%A3%D9%85%D8%B1%D9%8A%D9%83%D9%8A-%D9%84%D8%A8%D8%AF%D8%A1-%D9%85%D8%AD%D8%A7%D8%AF%D8%AB%D8%A7%D8%AA-%D8%A8%D8%B4%D8%A3%D9%86-%D8%A5%D8%B7%D9%84%D8%A7%D9%82-%D8%B3%D8%B1%D8%A7%D8%AD-%D8%A7%D9%84%D8%B1%D9%87%D8%A7%D8%A6%D9%86-%D8%A7%D9%84%D8%A5%D8%B3%D8%B1%D8%A7%D8%A6%D9%8A%D9%84%D9%8A%D9%8A%D9%86,06/07/2024 - 07:43,"

                                    الشرق الأوسط
                            "
5,France 24,"كأس أمم أوروبا: هل يتخطى ""الحصان الأسود"" السويسري إنكلترا وتفجر تركيا مفاجأة أمام هولندا؟","
تلعب إنكلترا المرشّحة لإحراز لقب كأس أوروبا لكرة القدم مع ""الحصان الأسود"" سويسرا، السبت في ربع النهائي في دوسلدورف، وذلك بعد نجاتها بأعجوبة أمام سلوفاكيا. فيما تبحث هولندا عن تفادي مفاجأة تركية في برلين.
رغم ترشيحها للقب، لم تكن إنكلترا مقنعة بفوز صعب على صربيا (1-0) وتعادلين باهتين مع الدانمارك (1-1) وسلوفينيا (0-0) في دور المجموعات. أنقذها جود بيلينغهام في الرمق الأخير أمام سلوفاكيا، مسجّلاً هدف التعادل، قبل أن يضيف هاري كاين هدف الفوز مطلع الوقت الإضافي. وإنكلترا التي لم تحرز اللقب القاري بتاريخها، هي المنتخب الأعلى تصنيفاً من الجانب ""السهل"" في ربع النهائي، إذ تلتقي في نصف النهائي بحال تأهلها مع الفائز بين هولندا وتركيا.
لكن مدرّبها غاريث ساوثغيت الذي سيقود منتخب ""الأسود الثلاثة"" للمرّة المئة، يتعرّض لانتقادات متواصلة لعدم استفادته من كوكبة النجوم في صفوفه. رمت الجماهير عبوات الجعة صوبه، عندما كان يحاول الاحتفال معهم بعد التأهل إلى ثمن النهائي ضد سلوفينيا. يتمسّك المدرب الذي قاد إنكلترا إلى نصف نهائي مونديال 2018 ونهائي كأس أوروبا صيف 2021، بتشكيلته الأساسية، من خلال الدفع بعشرة لاعبين من أصل 11 في مبارياته الأربع حتى الآن. قال مهاجمه الشاب فيل فودن، أفضل لاعب الموسم المنصرم في الدوري المحلي ""أشعر بالأسف لغاريث. علينا أن نكون القادة. يجب أن نتوصّل إلى حلول"". وأقرّ ساوثغيت بعد مباراة سلوفاكيا أن بيلينغهام وكاين أُرهقا قبل 15 دقيقة من النهاية، لكنهما صمدا لتحقيق الفوز.
في المقابل، أصبحت سويسرا الحصان الأسود في البطولة، بعد إقصاء إيطاليا حاملة اللقب 2-0 عن جدارة في ثمن النهائي، وقبلها التعادل مع ألمانيا المضيفة 1-1 بعدما كانت متقدّمة حتى الوقت بدلاً من الضائع، تبحث عن بلوغ نصف النهائي في بطولة كبرى للمرة الأولى في تاريخها، علماً ان إسبانيا أقصتها في ربع نهائي النسخة الأخيرة بركلات الترجيح بعد أن أطاحت فرنسا بالطريقة عينها.
وقال مدرّبها مورات ياكين بعد الفوز على إيطاليا: ""وجّهنا رسالة هامة الليلة. لم نكتفِ بالدفاع فقط، بل أظهرنا قدراتنا الهجومية"". وباستثناء قلب دفاع مانشستر سيتي الإنكليزي مانويل أكانجي وقائد الوسط المخضرم غرانيت تشاكا، لا تضمّ تشكيلة ""ناتي"" أسماء كبيرة، بل وحدة جماعية يتقدّمها ثلاثي بولونيا الإيطالي دان ندويي، ميشال أبيشر وريمو فرويلر.
وبعد تألقه في ثمن النهائي خلال الفوز السهل على رومانيا 3-0، يقود المهاجم كودي خاكبو منتخب هولندا في استحقاقه المقبل أمام تركيا التي تعوّل على الشاب أردا غولر.
أحرزت هولندا اللقب مرّة يتيمة في 1988، مع الثلاثي ماركو فان باستن، رود خوليت وفرانك ريكارد، لكن تشكيلة المدرب رونالد كومان، أحد أبطال 1988 أيضاً في ألمانيا الغربية، لا تضمّ أسماء عالمية. إلا أن خاكبو (25 عاماً)، لاعب ليفربول الإنكليزي، نجح بخطف الأنظار بتسجيله ثلاثة أهداف حتى الآن.
وبفوزها الصريح على رومانيا، عوّضت هولندا، خسارتها الأخيرة في دور المجموعات أمام النمسا 2-3 والتي وصفها كومان بـ""المروّعة"". قال المهاجم الدولي السابق بيار فان هويدونك لقناة نوس المحلية ""خاكبو هو نجمنا"". وجاءت نصف أهداف خاكبو الـ12 الدولية في بطولات كبرى، بعد تسجيله ثلاث مرات في مونديال قطر الأخير. سيقف الحارس ميرت غونوك بينه وبين الشباك التركية، بعد أن قام بصدّة تعجيزية أمام النمساوي كريستوف باومغارتنر في الرمق الأخير من ثمن النهائي الذي حسمه الأتراك 2-1 بهدفي مدافع الأهلي السعودي مريح ديميرال.


في المقابل، يُعدّ غولر، مهاجم ريال مدريد الإسباني، الورقة الرابحة في تشكيلة المدرّب الإيطالي فينتشنتسو مونتيلا. بعد غياب عدّة أشهر بسبب الإصابة وازدحام النجوم في الفريق الملكي، عرف ابن التاسعة عشرة تألقاً في نهاية الموسم مع بطل أوروبا وإسبانيا تحت إشراف مدرّب إيطالي آخر هو كارلو أنشيلوتي. سجّل هدفاً رائعاً أمام جورجيا (3-1) في دور المجموعات الذي شهد خسارة تركيا أمام البرتغال 0-3، ثم حجزها بطاقة التأهل بفوز متأخر على تشيكيا 2-1.
قال مونتيلا ""يقدّم مستوى رائعاً ويركض كما لم يفعل طوال مسيرته"". وهذه المرّة الرابعة التي تبلغ فيها تركيا ربع نهائي بطولة كبرى، بعد حلولها ثالثة في مونديال 2002، وبلوغها ربع نهائي كأس أوروبا 2000 ونصف نهائي 2008. يعود إلى صفوفها من الإيقاف نجم وسطها هاكان تشالهانأغلو والمدافع ساميت أكايدين، لكنها تفتقد لاعبي الوسط أوركون كوكتشو واسماعيل يوكسيك.
رغم الموجات البرتقالية التي اجتاحت المدن الألمانية خلال مباريات هولندا، يُتوقع أن تحظى تركيا بدعم كبير من جاليتها الواسعة. وفيما يقطن ألمانيا أكثر من ثلاثة ملايين شخص من أصول تركية، حذّر مدافع هولندا دالي بليند ""ستكون مباراة خارج أرضنا"". وسيحضر الرئيس التركي رجب طيب إردوغان المباراة، بعد استدعاء السفير التركي لدى برلين رداً على استدعاء نظيره الألماني في أنقرة بعد إشارةٍ جدليةٍ لديميرال. وتوتّرت العلاقات بين البلدين على خلفية احتفال ديميرال بأحد هدفيه في مرمى النمسا في لايبزيغ، قبل أن ينشر صورة له رافعاً يده في إشارة ""الذئاب الرمادية"" الخاصة بمجموعة من اليمين المتطرّف في تركيا. وفتح الاتحاد الأوروبي للعبة (ويفا) الأربعاء تحقيقاً بحق اللاعب.

فرانس24/ وكالات","
                                        يشهد كأس أمم أوروبا السبت موقعتين مهمتين في آخر مباريات الدور ربع النهائي. تقام المباراة الأولى بين منتخبي إنكلترا، المرشح لإحراز اللقب، وسويسرا ""الحصان الأسود"" للبطولة بعد إقصائها إيطاليا حاملة اللقب 2-0 عن جدارة وقبلها التعادل مع ألمانيا المضيفة 1-1. بينما تجري الموقعة الأخرى بين تركيا، التي تساندها جالية كبيرة في ألمانيا وبحضور رئيسها رجب طيب أردوغان، ومنتخب هولندا الطامح لإعادة أمجاد الثلاثي ماركو فان باستن، رود خوليت وفرانك ريكارد في ثمانينيات القرن المنصرم.                ",https://www.france24.com/ar/%D8%B1%D9%8A%D8%A7%D8%B6%D8%A9/20240706-%D9%83%D8%A3%D8%B3-%D8%A3%D9%85%D9%85-%D8%A3%D9%88%D8%B1%D9%88%D8%A8%D8%A7-%D9%87%D9%84-%D9%8A%D8%AA%D8%AE%D8%B7%D9%89-%D8%A7%D9%84%D8%AD%D8%B5%D8%A7%D9%86-%D8%A7%D9%84%D8%A3%D8%B3%D9%88%D8%AF-%D8%A7%D9%84%D8%B3%D9%88%D9%8A%D8%B3%D8%B1%D9%8A-%D8%A5%D9%86%D9%83%D9%84%D8%AA%D8%B1%D8%A7-%D9%88%D8%AA%D9%81%D8%AC%D8%B1-%D8%AA%D8%B1%D9%83%D9%8A%D8%A7-%D9%85%D9%81%D8%A7%D8%AC%D8%A3%D8%A9-%D8%A3%D9%85%D8%A7%D9%85-%D9%87%D9%88%D9%84%D9%86%D8%AF%D8%A7,06/07/2024 - 18:34,"

                                    رياضة
                            "
6,France 24,"بايدن يتمسك بترشحه للرئاسيات الأمريكية ويقول ""سأنسحب إذا نزل الله وأخبرني بذلك""","
دافع الرئيس الأمريكي  جو بايدن  بشدّة في  مقابلة تلفزيونية دامت 22 دقيقة أجرتها محطة (إيه.بي.سي) ، عن ترشّحه لولاية ثانية في مواجهة الجمهوري دونالد ترامب، مؤكدا على أنه لا يوجد شخص مؤهل ""أكثر منه"" ليكون رئيسا أو يفوز في سباق الرئاسة الأمريكية.
وشدّد بايدن الذي تعرّض لانتقادات على خلفيّة مقدرته العقليّة بعد مناظرته السيّئة ضدّ خصمه الجمهوري دونالد ترامب، على أنّ وظيفته تُشبه ""الخضوع لاختبار إدراكيّ كلّ يوم""، وذلك عندما سأله الصحافي جورج ستيفانوبولوس عمّا إذا كان مستعدا للخضوع لهذا النوع من الاختبارات.
وتابع الديمقراطي البالغ 81 عاما ""أنا أخضع لاختبار إدراكيّ كلّ يوم (...) أنا لا أقوم بحملتي الانتخابيّة فحسب، بل أقود العالم"".
وردا على سؤال حول مناظرته الكارثيّة مع الرئيس السابق في 27 حزيران/يونيو، قال إنّها كانت ""أمسية سيّئة""، بسبب نزلة برد وإرهاق شديد.
وسأل الصحفي  ستيفانوبولوس الذي أجرى المقابلة الرئيس بايدن إذا كان سينسحب من السباق الرئاسي في حال تشكّلت لديه قناعة بأنّه لن يستطيع التغلّب على ترامب. فأجاب بايدن: ""حسنا، هذا يعتمد. إذا نزل الله سبحانه وتعالى وأخبرني بذلك، قد أفعل ذلك"". وأضاف أنه لم يشاهد المناظرة التلفزيونيّة التي جمعته مع خصمه، قائلًا: ""لا أعتقد أنّني شاهدتها، لا"".
وأشار بايدن إلى أنه كان مرهقا بسبب إصابته بنزلة برد ورحلات السفر الطويلة، سعيا منه لتبرير الأداء المخيّب الذي قدّمه خلال المناظرة
وقال: ""كنتُ مريضا وينتابني شعور سيّئ"". كنّا نحاول أن نتبيّن ما الخطب. أجروا فحصا ليروا إن كنتُ مصابا بعدوى أم لا، فيروس ما. لكن لم أكُن مصابا. كانت لديّ نزلة برد حادّة"".
هذا، ويعقد بايدن مؤتمرا صحافيا الخميس المقبل، على هامش قمّة حلف شمال الأطلسي، حسبما أكّد مسؤول أمريكي كبير الجمعة. وقال المسؤول طالبا عدم كشف اسمه ""الرئيس يعقد مؤتمرا صحافيا وسيردّ على أسئلة وسائل الإعلام"".
ومن جانبه، قال النائب الأمريكي لويد دوغيت لشبكة (سي.إن.إن) بعد المقابلة ""كل يوم يتأخر فيه (بايدن) يزيد من صعوبة انضمام شخص جديد لهزيمة دونالد ترامب"". وكان دوغيت قد دعا بالفعل بايدن إلى التنحي.
أما مساعد كبير للديمقراطيين في مجلس النواب فقال بعد مشاهدة مقطع قصير بثته القناة قبل المقابلة ""لا أرى كيف سيستمر (بايدن) هذا الأسبوع كمرشح"".
ومع ذلك، قال مسؤول كبير في اللجنة الوطنية الديمقراطية إن أداء بايدن كان ""أفضل"" من الأداء الذي قدمه في المناظرة.
ويشار إلى أن بايدن تحدّث بطلاقة أكثر مقارنة بمناظرته التلفزيونيّة الفاشلة مع ترامب في 27 حزيران/يونيو الماضي.
فرانس24/ أ ف ب/ رويترز","
                                        في مقابلة مع محطة (إيه.بي.سي) الإخبارية، صرح الرئيس الأمريكي جو بايدن أن مناظرته مع منافسه الجمهوري دونالد ترامب في 27 يونيو/ حزيران ""حلقة سيئة""، لكنه ظل متشبثا بموقفه وأكد أنه لا يوجد شخص مؤهل ""أكثر منه"" ليكون رئيسا أو يفوز في سباق الرئاسة الأمريكية. من جهته، قال مساعد كبير للديمقراطيين في مجلس النواب بعد مشاهدة مقطع قصير بثته القناة قبل المقابلة ""لا أرى كيف سيستمر (بايدن) هذا الأسبوع كمرشح"".                ",https://www.france24.com/ar/%D8%A3%D9%85%D8%B1%D9%8A%D9%83%D8%A7/20240706-%D8%A8%D8%A7%D9%8A%D8%AF%D9%86-%D9%8A%D8%AA%D9%85%D8%B3%D9%83-%D8%A8%D8%AA%D8%B1%D8%B4%D8%AD%D9%87-%D9%84%D9%84%D8%B1%D8%A6%D8%A7%D8%B3%D9%8A%D8%A7%D8%AA-%D8%A7%D9%84%D8%A3%D9%85%D8%B1%D9%8A%D9%83%D9%8A%D8%A9-%D9%88%D9%8A%D9%82%D9%88%D9%84-%D8%B3%D8%A3%D9%86%D8%B3%D8%AD%D8%A8-%D8%A5%D8%B0%D8%A7-%D9%86%D8%B2%D9%84-%D8%A7%D9%84%D9%84%D9%87-%D9%88%D8%A3%D8%AE%D8%A8%D8%B1%D9%86%D9%8A-%D8%A8%D8%B0%D9%84%D9%83,06/07/2024 - 13:02,"

                                    أمريكا
                            "
7,France 24,كأس أمم أوروبا: فرنسا تثأر من البرتغال وتهزمها بركلات الترجيح 5-3 لتبلغ نصف النهائي,"
تغلب المنتخب الفرنسي على نظيره البرتغالي في ربع نهائي كأس أمم أوروبا بركلات الترجيح 5-3. وبذلك تبلغ فرنسا المربع الذهبي للبطولة لمواجهة إسبانيا في نصف النهائي. وبهذا أدرك الديوك ثأرهم من كريستيانو رونالدو ورفاقه الذين حرموهم من الفوز بلقب البطولة على أرضهم عام 2016، وضربوا موعدا مع ""الماتادور"" الإسباني.
دخل الفريقان البطولة كمرشحين قويين لإحراز اللقب ولكن أداءهما جاء دون التوقعات، إذ احتاج المنتخب البرتغالي لركلات الترجيح لتجاوز سلوفينيا في ثمن النهائي بعد التعادل السلبي في الوقتين الأصلي والإضافي. أما الديوك ففشلوا في تصدر مجموعتهم، ولم يحرزوا إلا ثلاثة أهداف، أحدها من ركلة جزاء أمام بولندا والآخران بنيران صديقة أمام النمسا وبلجيكا.
وكما هو حال مسيرة الفريقين في البطولة جاء الشوط الأول مخيبا للآمال وخاليا من الإثارة والفرص الحقيقية، أو حتى البطاقات، فلم يتمكن الفرنسيون من تسجيل أكثر من ثلاث تسديدات واحدة منها فقط كانت بين القائمين والعارضة، أما البرتغال التي كانت أنشط في المقدمة فلم يكن نشاطها مجديا أبدا مع تسديدتين فقط خارج الخشبات الثلاث.
بدأ الشوط الثاني خاليا من الإثارة أيضا قبل أن تتاح فرصتان رائعتان للبرتغال تألق مينيان في إبعادهما، الأولى بتسديدة لبرونو فيرنانديز، والثانية لفيتينيا.
ثم أتيحت فرصة لكولو مواني على الطرف الآخر ارتدت من الدفاع وخرجت لركلة ركنية.
بعد دخول ديمبيلي بديلا لغريزمان في الدقيقة 67 تنشطت الجبهة اليمنى للمنتخب الفرنسي فأتيحت لكامافينغا فرصة خطيرة سددها من مسافة قريبة جدا خارج مرمى كوستا.
تتالت المحاولات بعدها من الفريقين مع أفضلية للديوك ولكن دون أن يشكلوا تهديدا حقيقيا للمرمى البرتغالي، لينتهي شوطا المباراة الأصليان من دون أهداف.
بعد انطلاق الشوط الإضافي الأول بقليل فوجئ رونالدو بالكرة بين قدميه ولم يتحكم بها بشكل جيد وسددها في السحب على الرغم من أن المرمى كان خاليا أمامه.
بعدها هدأ إيقاع المباراة بشدة، مع احتفاظ البرتغال بالكرة لفترة طويلة إلى أن جاءت فرصة للياو في النهاية أبعدها الدفاع الفرنسي.
كذلك كان الشوط الإضافي الثاني خاليا من الإثارة والفرص الحقيقية لينتهي اللقاء من دون أهداف.
وبعد أن سجل كل من عثمان ديمبيليه ويوسف فوفانا وجول كونديه أول ثلاث ركلات لفرنسا وكريستيانو رونالدو وبرناردو سيلفا للبرتغال، سدد جواو فيليكس في القائم، ليسجل بعدها كل من برادلي باركولا وتيو هيرنانديز لفرنسا ونونو مينديس للبرتغال، ليفوز الديوك بنتيجة 5-3.
وبهذا ضرب المنتخب الفرنسي موعدا مع المنتخب الإسباني في نصف النهائي يوم الثلاثاء 9 تموز/يوليو.","
                                        تمكن المنتخب الفرنسي من إدراك ثأره من المنتخب البرتغالي وتجاوز عقبة مهمة في مسعاه لإدراك لقبه القاري الثالث ومعادلة ألمانيا وإسبانيا، التي سيواجهها الديوك في نصف النهائي. وفي المباراة التي أقيمت بمدينة هامبورغ الألمانية تغلب الفرنسيون على البرتغاليين بركلات الترجيح 5-3 بعد أن خلا الوقتان الأصلي والإضافي من الأهداف.                ",https://www.france24.com/ar/%D8%B1%D9%8A%D8%A7%D8%B6%D8%A9/20240705-%D9%83%D8%A3%D8%B3-%D8%A3%D9%85%D9%85-%D8%A3%D9%88%D8%B1%D9%88%D8%A8%D8%A7-%D9%81%D8%B1%D9%86%D8%B3%D8%A7-%D8%AA%D8%AB%D8%A3%D8%B1-%D9%85%D9%86-%D8%A7%D9%84%D8%A8%D8%B1%D8%AA%D8%BA%D8%A7%D9%84-%D9%88%D8%AA%D9%87%D8%B2%D9%85%D9%87%D8%A7-%D8%A8%D8%B1%D9%83%D9%84%D8%A7%D8%AA-%D8%A7%D9%84%D8%AA%D8%B1%D8%AC%D9%8A%D8%AD-5-3-%D9%84%D8%AA%D8%A8%D9%84%D8%BA-%D9%86%D8%B5%D9%81-%D8%A7%D9%84%D9%86%D9%87%D8%A7%D8%A6%D9%8A,06/07/2024 - 00:04,"

                                    رياضة
                            "
8,France 24,"النيجر ومالي وبوركينا فاسو تعلن إنشاء ""كونفدرالية دول الساحل"" والقطيعة التامة مع ""إكواس""","

اتخذت الأنظمة العسكرية الحاكمة في بوركينا فاسو ومالي والنيجر خطوة أخرى نحو الانفصال عن تكتل دول غرب إفريقيا، خلال قمة في العاصمة النيجرية نيامي وأعلنت إنشاء تحالف بين الدول الثلاث في شكل ""كونفدرالية""، في قرار يرسخ القطيعة مع بقية دول تكتل غرب إفريقيا.
وقالت الدول الثلاث في بيان ختامي للقمة السبت إن رؤساءها العسكريين الذين تولوا السلطة إثر انقلابات، ""قرروا عبور مرحلة إضافية نحو اندماج أكثر عمقا بين الدول الأعضاء. ولهذا الغرض، تبنوا معاهدة تؤسس كونفدرالية بين بوركينا فاسو ومالي والنيجر تحت مسمى كونفدرالية دول الساحل"".
واجتمع في هذه القمة لأول مرة قادة ""تحالف دول الساحل""، المنظمة التي أنشئت في أيلول/سبتمبر 2023 وتضم بوركينا فاسو ومالي والنيجر، الدول الثلاث التي تحكمها أنظمة عسكرية منذ أن وصلت إلى السلطة في انقلابات بين 2020 و2023 وتواجه أعمال عنف ينفذها جهاديون. وفي كانون الثاني/يناير، خرجت الدول الثلاث من الجماعة الاقتصادية لدول غرب إفريقيا (إكواس) التي فرضت عقوبات اقتصادية على النيجر لعدة أشهر، متهمة المنظمة بأنها أداة تحركها باريس وبأنها لا توفر لها دعما كافيا في مكافحة الجهاديين.
وفي مستهل القمة السبت، أكد رئيس المجلس العسكري الحاكم في النيجر عبد الرحمن تياني أمام نظيريه في بوركينا الكابتن إبراهيم تراوري وفي مالي العقيد أسيمي غويتا أن شعوب دولهم الثلاث ""أدارت ظهرها نهائيا للجماعة الاقتصادية لدول غرب إفريقيا"". وتوجه القادة الثلاثة الذين كانوا يرتدون زيهم العسكري، حوالى الساعة 13,00 (12,00 ت غ) إلى مركز المؤتمرات في نيامي حيث تعقد القمة تحت حراسة مشددة. ودعا تياني إلى جعل التحالف ""بديلا من أي تجمع اقليمي مصطنع عبر بناء مجتمع سيادي للشعوب، مجتمع بعيد من هيمنة القوى الأجنبية"".
وتدهورت العلاقات بين التكتل والدول الثلاث المذكورة في شكل كبير إثر انقلاب 26 تموز/يوليو 2023 الذي أوصل تياني الى السلطة في النيجر. وعلى الأثر، فرضت الجماعة الاقتصادية لغرب إفريقيا عقوبات اقتصادية على النيجر، متوعدة بالتدخل عسكريا لإعادة الرئيس المخلوع محمد بازوم. وتم رفع العقوبات في شباط/فبراير، لكن الفتور لا يزال يسود العلاقات بين الطرفين، رغم الدعوات التي أطلقها بعض الرؤساء، السنغالي والموريتاني بشكل خاص، لاستئناف الحوار.
ومن المقرر أن يعقد رؤساء دول إكواس قمة الأحد في أبوجا يبحثون خلالها مسألة العلاقات مع تحالف دول الساحل. كذلك، اعتبر تياني السبت أن ""تحالف دول الساحل هو التجمع الإقليمي الوحيد الفاعل على صعيد مكافحة الإرهاب، بعدما اخفقت الجماعة الاقتصادية لغرب إفريقيا"" في هذه العملية.
وفي وقت سابق، كان تراوري قد اعتبر أن أفريقيا لا تزال ""تعاني من تبعات الإمبرياليين"" مضيفاً ""سنشن حربًا بلا هوادة ضد كل من يجرؤ على مهاجمة دولنا"". دعا غويتا، من جانبه، إلى جعل التحالف ""نموذجا للتعاون والتكامل شبه الإقليمي"" مؤكداً أن جيوش الدول الثلاث ""تعمل في تكامل تام ضد الهجمات الإرهابية"".
وفي مطلع آذار/مارس، أعلنت مالي وبوركينا فاسو والنيجر إنشاء قوة مشتركة لمكافحة الجهاديّين، من دون تحديد معالمها وعديدها. وصادق وزراء خارجية الدول الثلاث في أيار/مايو على مسودة نص تقضي بإنشاء اتحاد كونفدرالي يمهد للوحدة بينها، ويفترض أن يقره السبت رؤساء هذه الدول الثلاث التي تضم 72 مليون نسمة.
وجعل رؤساء دول الساحل الثلاث من السيادة المحور الرئيسي لحكمهم. وابتعدوا من فرنسا، القوة المستعمرة السابقة، وطردوا تدريجيا القوات الفرنسية التي كانت تنشط في مكافحة الجهاديين على أراضيهم. واتجهت الدول الثلاث إلى بلدان أخرى مثل روسيا وتركيا وإيران، واصفة هذه الدول بأنها ""شريكة صادقة"".
وتواجه الدول الثلاث منذ سنوات أعمال عنف جهادية دامية، وخصوصا في منطقة ""المثلث الحدودي""، حيث تشن مجموعات مرتبطة بالقاعدة وبتنظيم الدولة الإسلامية هجمات تسفر عن مقتل مدنيين وجنود وتتسبب بنزوح ملايين الأشخاص.
السبت، حذرت منظمة مراسلون بلا حدود من أن هذه القمة تنعقد ""في سياق صعب بالنسبة لوسائل الإعلام"" في دول المنطقة حيث تم اعتقال العديد من الصحافيين في الأشهر الأخيرة، لاسيما في مالي وبوركينا. وقال مدير مكتب منظمة مراسلون بلا حدود في أفريقيا جنوب الصحراء الكبرى ساديبو مارونج: ""يجب ألا تخفي هذه القمة مسألة الحريات الأساسية التي تعرضت للقمع بشكل متزايد منذ وصول الجيش إلى السلطة"".

","
                                        في أول قمة تجمعهم السبت، أعلن قادة ""تحالف دول الساحل""، بوركينا فاسو والنيجر ومالي، إنشاء ""كونفدرالية دول الساحل"" لدولهم الثلاث والقطيعة التامة مع دول غرب أفريقيا (إكواس). واتهمت دول الساحل هذه المنظمة بأنها أداة تحركها باريس وبأنها لا توفر لها دعما كافيا في مكافحة الجهاديين. وكان رئيس المجلس العسكري الحاكم في النيجر عبد الرحمن تياني قد دعا إلى جعل التحالف الجديد ""بديلا من أي تجمع إقليمي مصطنع عبر بناء مجتمع سيادي للشعوب، مجتمع بعيد من هيمنة القوى الأجنبية"".                ",https://www.france24.com/ar/%D8%A3%D9%81%D8%B1%D9%8A%D9%82%D9%8A%D8%A7/20240706-%D8%A7%D9%84%D9%86%D9%8A%D8%AC%D8%B1-%D9%88%D9%85%D8%A7%D9%84%D9%8A-%D9%88%D8%A8%D9%88%D8%B1%D9%83%D9%8A%D9%86%D8%A7-%D9%81%D8%A7%D8%B3%D9%88-%D8%AA%D8%B9%D9%84%D9%86-%D8%A5%D9%86%D8%B4%D8%A7%D8%A1-%D9%83%D9%88%D9%86%D9%81%D8%AF%D8%B1%D8%A7%D9%84%D9%8A%D8%A9-%D8%AF%D9%88%D9%84-%D8%A7%D9%84%D8%B3%D8%A7%D8%AD%D9%84-%D9%88%D8%A7%D9%84%D9%82%D8%B7%D9%8A%D8%B9%D8%A9-%D8%A7%D9%84%D8%AA%D8%A7%D9%85%D8%A9-%D9%85%D8%B9-%D8%A5%D9%83%D9%88%D8%A7%D8%B3,06/07/2024 - 19:46,"

                                    أفريقيا
                            "
9,France 24,فوز الإصلاحي بيزشكيان بانتخابات الرئاسة الإيرانية,,"
                                                تمكّن المرشح الإصلاحي مسعود بيزشكيان السبت من الفوز في الجولة الثانية من الانتخابات الرئاسية الإيرانية أمام المرشح المحافظ سعيد جليلي، وفق ما أفادت وسائل الإعلام الرسميّة. وأحصى مسؤولو الانتخابات إلى غاية الساعة أكثر من 30 مليون صوت، حصل بيزشكيان منها على ما يفوق 16 مليون صوت، وجليلي على أكثر من 13 مليون صوت، بحسب نتائج نشرتها وزارة الداخلية                    ",https://www.france24.com/ar/%D9%81%D9%8A%D8%AF%D9%8A%D9%88/20240706-%D9%81%D9%88%D8%B2-%D8%A7%D9%84%D8%A5%D8%B5%D9%84%D8%A7%D8%AD%D9%8A-%D8%A8%D9%8A%D8%B2%D8%B4%D9%83%D9%8A%D8%A7%D9%86-%D8%A8%D8%A7%D9%86%D8%AA%D8%AE%D8%A7%D8%A8%D8%A7%D8%AA-%D8%A7%D9%84%D8%B1%D8%A6%D8%A7%D8%B3%D8%A9-%D8%A7%D9%84%D8%A5%D9%8A%D8%B1%D8%A7%D9%86%D9%8A%D8%A9,06/07/2024 - 08:40,
10,France 24,من هي المنتخبات الأوفر حظا للتأهل لنصف نهائي كأس أمم أوروبا؟,,"
                                                يكتمل مساء السبت نصاب المنتخبات المتأهلة لنصف نهائي كأس أمم أوروبا لكرة القدم 2024 المقامة بألمانيا. فمن هي المنتخبات الأوفر حظا؟ عثمان طايبي موفد فرانس24 لتغطية الحدث الرياضي الأوروبي يوافينا بآخر المعطيات                    ",https://www.france24.com/ar/%D9%81%D9%8A%D8%AF%D9%8A%D9%88/20240706-%D9%85%D9%86-%D9%87%D9%8A-%D8%A7%D9%84%D9%85%D9%86%D8%AA%D8%AE%D8%A8%D8%A7%D8%AA-%D8%A7%D9%84%D8%A3%D9%88%D9%81%D8%B1-%D8%AD%D8%B8%D8%A7-%D9%84%D9%84%D8%AA%D8%A3%D9%87%D9%84-%D9%84%D9%86%D8%B5%D9%81-%D9%86%D9%87%D8%A7%D8%A6%D9%8A-%D9%83%D8%A3%D8%B3-%D8%A3%D9%85%D9%85-%D8%A7%D9%88%D8%B1%D9%88%D8%A8%D8%A7,06/07/2024 - 23:15,
11,France 24,الإصلاحي مسعود بيزشكيان يفوز بالانتخابات الرئاسية في إيران,"
حقق المرشح الإصلاحي مسعود بيزشكيان السبت الفوز في الجولة الثانية من الانتخابات الرئاسية الإيرانية أمام المرشح المحافظ سعيد جليلي، حسبما أفادت وسائل الإعلام الرسميّة في إيران.
وفي أول تصريحات له، أكد الرئيس الإيراني المنتخب أنه ""سيمد اليد"" لجميع الإيرانيين، قائلا في منشور على منصة إكس ""الطريق الصعب أمامنا لن يكون سهلا إلا برفقتكم وتعاطفكم وثقتكم. أمدّ يدي لكم""، مكررا ما تعهد به الثلاثاء بـ""مد يد الصداقة للجميع"" في حال فوزه.
وكان الإيرانيون قد أدلوا بأصواتهم الجمعة في الدورة الثانية من انتخابات رئاسية تواجه فيها بيزشكيان الذي يدعو للانفتاح على الغرب، والمفاوض السابق في الملف النووي المحافظ جليلي المعروف بمواقفه المتشددة إزاء الغرب.
ولقيت هذه الدورة الثانية متابعة دقيقة وكبيرة في الخارج، كون إيران، القوة الوازنة في الشرق الأوسط، وعلى علاقة بكثير من الأزمات الجيوسياسيّة، من الحرب في غزة إلى الملفّ النووي الذي يُشكّل منذ سنوات عديدة مصدر خلاف بين الجمهورية الإسلاميّة والغرب ولا سيما الولايات المتحدة.
هذا، ودُعي نحو 61 مليون ناخب في إيران الجمعة للإدلاء بأصواتهم في 58638 مركزا في أنحاء البلاد الشاسعة، من بحر قزوين شمالا إلى الخليج جنوبا.
وأغلقت مراكز الاقتراع أبوابها عند منتصف الليل (20:30 ت غ) بعد تمديد التصويت ست ساعات.
وفي الدورة الأولى التي جرت قبل أسبوع، بلغت نسبة الإقبال على التصويت 39,92% من أصل 61 مليون ناخب، في أدنى مستوى لها منذ قيام الجمهوريّة الإسلاميّة قبل 45 عاما.
ودعت شخصيات معارضة داخل إيران وكذلك في الشتات، إلى مقاطعة الانتخابات، معتبرة أنّ المعسكرين المحافظ والإصلاحي وجهان لعملة واحدة.
لكن بالنسبة إلى وزير الخارجيّة السابق علي أكبر صالحي، فإنّ على الناخبين أن ""يختاروا""، بالنظر إلى ""الرؤيتَين المختلفتين تماما"" للمرشّحين، وفق تصريحات أدلى بها لوكالة الأنباء الفرنسية بعد الإدلاء بصوته في شرق العاصمة.
وفي مركز اقتراع في طهران، قال حسين البالغ 40 عاما إنه اختار بيزشكيان لأنه ""قادر على إحداث تغيير"".
واتخذ فرزاد (52 عاما) الذي طلب عدم كشف كامل هويته على غرار حسين، الخيار نفسه ""لمنع المتطرفين"" من الوصول إلى السلطة.
وقال: ""نهتف الموت لأمريكا منذ 45 عاما، لقد طفح الكيل، (...) لا يمكننا بناء جدار حول البلاد"".
وقرّرت ملكة مقتضائي، مرتدية التشادور الأسود، التصويت لجليلي. فهذه الطالبة البالغة 19 عاما تعوّل عليه في ""تحسين اقتصاد البلاد"".
وفي مقهى في وسط العاصمة، امتنعت إلميرا وهي طالبة تبلغ 26 عاما عن التصويت وأملت بأن يحذو كثرٌ حذوها ""لتوجيه رسالة"" إلى العالم.
وخلال مناظرة متلفزة جرت بين المترشحيْن مساء الإثنين، ناقش الخصمان خصوصا الصعوبات الاقتصاديّة التي تواجهها البلاد والعلاقات الدولية وانخفاض نسبة المشاركة في الانتخابات والقيود التي تفرضها الحكومة على الإنترنت.
وقال بيزشكيان إن ""الناس غير راضين عنا""، خصوصا بسبب عدم تمثيل المرأة، وكذلك الأقلّيّات الدينية والعرقية، في السياسة.
وأضاف: ""حين لا يشارك 60% من السكان (في الانتخابات)، فهذا يعني أنّ هناك مشكلة"" مع الحكومة.
ودعا المرشح الإصلاحي إلى ""علاقات بنّاءة"" مع الولايات المتحدة والدول الأوروبية من أجل ""إخراج إيران من عزلتها"".
أما جليلي، المفاوض في الملف النووي بين عامي 2007 و2013، فكان معارضا بشدّة للاتفاق الذي أُبرم في نهاية المطاف بين ايران والقوى الكبرى بينها الولايات المتحدة، والذي فرض قيودا على النشاط النووي الإيراني في مقابل تخفيف العقوبات.
وإلى ذلك، يدعو بيزشكيان إلى إيجاد حل دائم لقضية إلزامية الحجاب، أحد أسباب حركة الاحتجاج الواسعة التي هزت البلاد في نهاية العام 2022 إثر وفاة الشابة مهسا أميني في أيلول/سبتمبر 2022 بعد توقيفها لعدم التزامها قواعد اللباس الصارمة في الجمهورية الإسلامية.
هذا، ويشار إلى أن تأثير نتيجة الانتخابات على توجّه البلاد سيكون محدودا لأنّ للرئيس في إيران صلاحيات محدودة. إذ تقع المسؤولية الأولى في الحكم بالجمهورية الإسلامية على عاتق المرشد الأعلى الذي يُعتبر رأس الدولة، أما الرئيس فهو مسؤول على رأس حكومته عن تطبيق الخطوط السياسية العريضة التي يمليها المرشد الأعلى آية الله علي خامنئي.

فرانس24/ أ ف ب","
                                        فاز المرشّح الإصلاحي مسعود بيزشكيان السبت في الجولة الثانية من الانتخابات الرئاسيّة التي شهدتها إيران الجمعة أمام المرشّح المحافظ المتشدّد سعيد جليلي، حسب أرقام رسمية أوردتها وسائل الإعلام. وفي أول تصريح له منذ إعلان فوزه أكد بيزشكيان السبت أنه ""سيمد يد الصداقة للجميع"". وتواجه خلال الدورة الثانية بيزشكيان الذي يدعو للانفتاح على الغرب، والمفاوض السابق في الملفّ النووي مع المحافظ المتشدّد جليلي المعروف بمواقفه المتصلّبة إزاء الغرب.                ",https://www.france24.com/ar/%D8%A2%D8%B3%D9%8A%D8%A7/20240706-%D8%A5%D9%8A%D8%B1%D8%A7%D9%86-%D8%A7%D9%84%D8%A5%D8%B5%D9%84%D8%A7%D8%AD%D9%8A-%D9%85%D8%B3%D8%B9%D9%88%D8%AF-%D8%A8%D9%8A%D8%B2%D8%B4%D9%83%D9%8A%D8%A7%D9%86-%D9%8A%D9%81%D9%88%D8%B2-%D8%A8%D8%A7%D9%84%D9%86%D8%AA%D8%AE%D8%A7%D8%A8%D8%A7%D8%AA-%D8%A7%D9%84%D8%B1%D8%A6%D8%A7%D8%B3%D9%8A%D8%A9-%D8%A3%D9%85%D8%A7%D9%85-%D8%A7%D9%84%D9%85%D8%AD%D8%A7%D9%81%D8%B8-%D8%B3%D8%B9%D9%8A%D8%AF-%D8%AC%D9%84%D9%8A%D9%84%D9%8A,06/07/2024 - 07:00,"

                                    آسيا
                            "
12,France 24,فرنسا تلتقي إسبانيا في نصف نهائي كأس أمم أوروبا إثر فوزها على برتغال رونالدو,,"
                                                احتاجت فرنسا مساء الجمعة إلى ركلات الترجيح لإزاحة البرتغال ونجمها كريستيانو رونالدو في ربع نهائي كأس أمم أوروبا لكرة القدم لتضرب موعدا مع إسبانيا في نصف النهائي الثلاثاء المقبل. عثمان طايبي موفد فرانس24 إلى ألمانيا يوافينا بقراءة للمباراة وما ينتظر منتخب ""الديوك""                    ",https://www.france24.com/ar/%D9%81%D9%8A%D8%AF%D9%8A%D9%88/20240706-%D9%81%D8%B1%D9%86%D8%B3%D8%A7-%D8%AA%D9%81%D9%88%D8%B2-%D8%B9%D9%84%D9%89-%D8%A7%D9%84%D8%A8%D8%B1%D8%AA%D8%BA%D8%A7%D9%84-%D8%A8%D8%B1%D9%83%D8%A7%D8%AA-%D8%A7%D9%84%D8%AA%D8%B1%D8%AC%D9%8A%D8%AD,06/07/2024 - 09:53,
13,France 24,وفاة لاعب مودرن سبورت المصري أحمد رفعت إثر تعرضه لمضاعفات صحية بالقلب,"
أعلن نادي مودرن سبورت المصري (فيوتشر سابقاً) لكرة القدم السبت وفاة لاعبه أحمد رفعت عن عمر ناهز 31 عاما إثر تعرضه لمضاعفات صحية.
وكان رفعت تعرض لتوقف في عضلة القلب أثناء مباراة فريقه أمام الاتحاد السكندري في الدوري في 11 آذار/مارس الماضي، وتم نقله إلى المستشفى حيث تم عمل إنعاش لعضلة القلب قبل أن يمكث بالعناية الفائقة لفترة اقتربت من الشهر.
وأعلن الفريق الطبي عن تحسن حالته وخروجه من المستشفى، وأوضح الأطباء وقتها أنهم قاموا بوضع جهاز منظم لضربات القلب لرفعت مع خضوعه للمزيد من الفحوصات الطبية في المستقبل.
وظهر رفعت الشهر الماضي في حوار تلفزيوني أعلن فيه عن تحسن حالته الصحية نسبيا معربا عن أمله في العودة إلى ممارسة كرة القدم في المستقبل. ثم قام بزيارة زملائه في ناديه مودرن سبورت قبل أيام من وفاته.
وبدأ رفعت، المولود في 20 حزيران/يونيو 1993، مشواره مع الكرة بنادي إنبي، ولعب مع الزمالك والاتحاد السكندري والمصري قبل أن ينضم لمودرن فيوتشر عام 2021، كما لعب لفريق الوحدة الإماراتي على سبيل الإعارة موسم 2022-2023.
ومثل رفعت منتخب مصر للشباب في كأس العالم تحت 20 سنة بتركيا 2013، كما مثل منتخب مصر الأول في 7 مباريات دولية سجل خلالها هدفين. وكان آخر ظهور له بقميص الفراعنة خلال مسابقة كأس العرب التي أقيمت بقطر في تشرين الثاني/نوفمبر 2021.

فرانس24/أ ف ب","
                                        توفي السبت لاعب فريق مودرن سبورت (فيوتشر سابقا) المصري لكرة القدم أحمد رفعت عن عمر ناهز 31 عاما إثر تعرضه لمضاعفات صحية في القلب. وتعرض رفعت لتوقف في عضلة القلب أثناء مباراة فريقه أمام الاتحاد السكندري في الدوري المصري يوم 11 آذار/مارس الماضي ومكث بالعناية الفائقة لفترة اقتربت من الشهر.                ",https://www.france24.com/ar/%D8%B1%D9%8A%D8%A7%D8%B6%D8%A9/20240706-%D9%88%D9%81%D8%A7%D8%A9-%D9%84%D8%A7%D8%B9%D8%A8-%D9%85%D9%88%D8%AF%D8%B1%D9%86-%D8%B3%D8%A8%D9%88%D8%B1%D8%AA-%D8%A7%D9%84%D9%85%D8%B5%D8%B1%D9%8A-%D8%A3%D8%AD%D9%85%D8%AF-%D8%B1%D9%81%D8%B9%D8%AA-%D8%A5%D8%AB%D8%B1-%D8%AA%D8%B9%D8%B1%D8%B6%D9%87-%D9%84%D9%85%D8%B6%D8%A7%D8%B9%D9%81%D8%A7%D8%AA-%D8%B5%D8%AD%D9%8A%D8%A9-%D8%A8%D8%A7%D9%84%D9%82%D9%84%D8%A8,06/07/2024 - 19:27,"

                                    رياضة
                            "
14,France 24,كأس أمم أوروبا: هولندا تنجو من مفاجآت تركيا وتتأهل لنصف النهائي بعد فوزها 2-1,"

نجا المنتخب الهولندي السبت من مفاجأة تركية في دور ربع النهائي لكأس أمم أوروبا على الملعب الأولمبي في برلين وحول هزيمته بهدف إلى فوز غال بهدفين لهدف واحد. وبذلك تتأهل هولندا للدور نصف النهائي لتواجه إنكلترا التي انتزعت فوزا غاليا أمام سويسرا بركلات الترجيح 5- 3



وتقدمت تركيا بهدف سجله ساميت أكايدين (35)، وردت هولندا بهدفين عبر ستيفان دي فري (70) ومرت مولدور (76 خطأ في مرمى منتخب بلاده)، وضربت موعدا مع انكلترا في نصف النهائي الاربعاء المقبل في دروتموند.
","
                                        تأهلت السبت هولندا لنصف نهائي كأس الأمم الأوروبية بعد أن قلبت هزيمتها بهدف أمام تركيا إلى فوز ثمين 2-1. وستواجه بذلك منتخب إنكلترا الذي تغلب بدوره على سويسرا بركلات الترجيح 5-3.                ",https://www.france24.com/ar/%D8%B1%D9%8A%D8%A7%D8%B6%D8%A9/20240706-%D9%83%D8%A3%D8%B3-%D8%A3%D9%85%D9%85-%D8%A3%D9%88%D8%B1%D9%88%D8%A8%D8%A7-%D9%87%D9%88%D9%84%D9%86%D8%AF%D8%A7-%D8%AA%D9%86%D8%AC%D9%88-%D9%85%D9%86-%D9%85%D9%81%D8%A7%D8%AC%D8%A2%D8%AA-%D8%AA%D8%B1%D9%83%D9%8A%D8%A7-%D9%88%D8%AA%D8%AA%D8%A3%D9%87%D9%84-%D9%84%D9%86%D8%B5%D9%81-%D8%A7%D9%84%D9%86%D9%87%D8%A7%D8%A6%D9%8A-%D8%A8%D8%B9%D8%AF-%D9%81%D9%88%D8%B2%D9%87%D8%A7-2-1,06/07/2024 - 22:57,"

                                    رياضة
                            "
15,France 24,الحظ يبتسم لمنتخب فرنسا في ضربات الترجيح ويتأهل لنصف نهائي كأس أمم أوروبا,,"
                                                تمكن منتخب فرنسا لكرة القدم من بلوغ الدور نصف النهائي من كأس أوروبا 2024 بفوزه 5-3 على البرتغال بركلات الترجيح بعد انتهاء الوقتين الأصلي والإضافي من مباراتهما في دور الثمانية الجمعة بالتعادل السلبي. عن أجواء المباراة يحدثنا موفد فرانس24 إلى ألمانيا عثمان طايبي                    ",https://www.france24.com/ar/%D9%81%D9%8A%D8%AF%D9%8A%D9%88/20240706-%D8%A7%D9%84%D8%AD%D8%B8-%D9%8A%D8%A8%D8%AA%D8%B3%D9%85-%D9%84%D9%85%D9%86%D8%AA%D8%AE%D8%A8-%D9%81%D8%B1%D9%86%D8%B3%D8%A7-%D9%81%D9%8A-%D8%B6%D8%B1%D8%A8%D8%A7%D8%AA-%D8%A7%D9%84%D8%AA%D8%B1%D8%AC%D9%8A%D8%AD-%D9%88%D9%8A%D8%AA%D8%A3%D9%87%D9%84-%D9%84%D9%86%D8%B5%D9%81-%D8%A7%D9%84%D9%86%D9%87%D8%A7%D8%A6%D9%8A,06/07/2024 - 09:47,
