,source,author,title,content,description,url,image_url?,published_at,tags
0,France 24,No Author,"السودان: عبد الفتاح البرهان يرفض أي حل سياسي ""مفروض من الخارج""",,"
                                        قال رئيس مجلس السيادة الانتقالي في السودان عبد الفتاح البرهان ""نحن نرفض أي حلول تأتي من الخارج"". وتأتي تصريحات البرهان بالتزامن مع اتفاق بين قوى سياسية وحركات مسلحة، وبمشاركة قوات من الدعم السريع التي يتزعمها حميدتي على توقيع  الميثاق السياسي بكينيا، لتأسيس سلطة موازية ومرحلة جديدة في البلاد، التي تشهد صراعا مسلحا أودى بحياة الالاف وتسبب في نزوح الملايين.                 ",https://www.france24.com/ar/%D8%A3%D9%81%D8%B1%D9%8A%D9%82%D9%8A%D8%A7/20250218-%D8%A7%D9%84%D8%B3%D9%88%D8%AF%D8%A7%D9%86-%D8%B9%D8%A8%D8%AF-%D8%A7%D9%84%D9%81%D8%A7%D8%AA%D8%AD-%D8%A7%D9%84%D8%A8%D8%B1%D9%87%D8%A7%D9%86-%D9%8A%D8%B1%D9%81%D8%B6-%D8%A3%D9%8A-%D8%AD%D9%84-%D8%B3%D9%8A%D8%A7%D8%B3%D9%8A-%D9%85%D9%81%D8%B1%D9%88%D8%B6-%D9%85%D9%86-%D8%A7%D9%84%D8%AE%D8%A7%D8%B1%D8%AC,https://s.france24.com/media/display/5b139004-eddc-11ef-80cd-005056bfb2b6/w:1280/p:16x9/capture-79001151467b4557e7fe758.90497320.jpg,No Published Date,أفريقيا
1,France 24,No Author,الجزائرية سلمى مليكة حدادي تفوز بمنصب نائب رئيس مفوضية الاتحاد الأفريقي,,No Description,https://www.france24.com/ar/%D8%A3%D9%81%D8%B1%D9%8A%D9%82%D9%8A%D8%A7/20250218-%D8%A7%D9%84%D8%AC%D8%B2%D8%A7%D8%A6%D8%B1%D9%8A%D8%A9-%D8%B3%D9%84%D9%85%D9%89-%D9%85%D9%84%D9%8A%D9%83%D8%A9-%D8%AD%D8%AF%D8%A7%D8%AF%D9%8A-%D8%AA%D9%81%D9%88%D8%B2-%D8%A8%D9%85%D9%86%D8%B5%D8%A8-%D9%86%D8%A7%D8%A6%D8%A8-%D8%B1%D8%A6%D9%8A%D8%B3-%D9%85%D9%81%D9%88%D8%B6%D9%8A%D8%A9-%D8%A7%D9%84%D8%A7%D8%AA%D8%AD%D8%A7%D8%AF-%D8%A7%D9%84%D8%A3%D9%81%D8%B1%D9%8A%D9%82%D9%8A,https://s.france24.com/media/display/4094bd32-1d8c-11ea-8f09-005056a98db9/w:720/p:16x9/ECO%20ALG%20%20PHOTO%20PLEIN%20ECRAN%20ALGERIE.jpg,No Published Date,أفريقيا
2,France 24,No Author,"الاتحاد الأفريقي: ""لا نريد تقسيم شرق جمهورية الكونغو الديمقراطية""","
حذر الاتحاد الأفريقي على لسان مفوض السلم والأمن في الاتحاد بانكول أديوبي الأحد من تفكيك جمهورية الكونغو الديمقراطية قائلا: ""لا نريد تقسيم شرق جمهورية الكونغو الديمقراطية"" ، وذلك بعد يومين من دخول جماعة إم 23 المسلحة المدعومة من رواندا مدينة ثانية في شرق البلاد.
ومن دون الإشارة إلى رواندا بالاسم أضاف ""ندعو إلى الإبعاد الفوري لحركة إم 23 وأنصارها من جميع البلدات والمدن بما في ذلك مطار غوما"".
وقال أديويي إن ""من الضروري"" احترام ""سيادة جمهورية الكونغو الديمقراطية ووحدتها السياسية وسلامة أراضيها"".
هذا، وطالت تداعيات النزاع دولا أخرى. وحذر الأمين العام للأمم المتحدة أنطونيو غوتيريس السبت من أنه ""يجب تجنب التصعيد الإقليمي بأي ثمن"".
ويشار إلى أن حركة إم 23 استولت على عاصمة إقليم شرق الكونغو الديمقراطية غوما في نهاية كانون الثاني/يناير الماضي، قبل أن تتجه جنوبا في تصعيد للعنف بالمنطقة الشرقية التي عانت عقودا من الاشتباكات.

فرانس24/ أ ف ب","
                                        قال مفوض السلم والأمن في الاتحاد الأفريقي بانكول أديويي للصحافيين الأحد ""لا نريد تقسيم شرق جمهورية الكونغو الديمقراطية"". يأتي هذا، فيما استولت حركة إم 23 على عاصمة الإقليم غوما في نهاية كانون الثاني/ينايرالماضي، قبل أن تتجه جنوبا في تصعيد للعنف بالمنطقة الشرقية التي عانت عقودا من الاشتباكات.                ",https://www.france24.com/ar/%D8%A3%D9%81%D8%B1%D9%8A%D9%82%D9%8A%D8%A7/20250216-%D8%A7%D9%84%D8%A7%D8%AA%D8%AD%D8%A7%D8%AF-%D8%A7%D9%84%D8%A3%D9%81%D8%B1%D9%8A%D9%82%D9%8A-%D9%84%D8%A7-%D9%86%D8%B1%D9%8A%D8%AF-%D8%AA%D9%82%D8%B3%D9%8A%D9%85-%D8%B4%D8%B1%D9%82-%D8%AC%D9%85%D9%87%D9%88%D8%B1%D9%8A%D8%A9-%D8%A7%D9%84%D9%83%D9%88%D9%86%D8%BA%D9%88-%D8%A7%D9%84%D8%AF%D9%8A%D9%85%D9%82%D8%B1%D8%A7%D8%B7%D9%8A%D8%A9,https://s.france24.com/media/display/ac3ca7e0-cd6c-11ee-b9a4-005056a97e36/w:720/p:16x9/8a979fb3af997ffc5ddb383391c145c41a923117.jpg,No Published Date,أفريقيا
3,France 24,No Author,حوار حصري مع فرانس24: وزير الخارجية السوداني يؤكد غياب قوات الدعم السريع عن الحوار الوطني المرتقب,,"
                                        في مقابلة حصرية مع فرانس24، أكد وزير الخارجية السوداني علي يوسف أن الحوار الوطني سينطلق قريبا في السودان بمجرد حسم معركة العاصمة الخرطوم، لكنه شدد على أن الحوار لن يشمل قوات الدعم السريع. وزير الخارجية السوداني، أشاد أيضا في هذه المقابلة الحصرية بدور عدة دول إقليمية في دعم الجيش السوداني بينها مصر وتركيا التي قال إنها خاضت وساطة بين الخرطوم وأبوظبي.                ",https://www.france24.com/ar/%D8%A3%D9%81%D8%B1%D9%8A%D9%82%D9%8A%D8%A7/20250216-%D8%AD%D9%88%D8%A7%D8%B1-%D8%AD%D8%B5%D8%B1%D9%8A-%D9%85%D8%B9-%D9%81%D8%B1%D8%A7%D9%86%D8%B324-%D9%88%D8%B2%D9%8A%D8%B1-%D8%A7%D9%84%D8%AE%D8%A7%D8%B1%D8%AC%D9%8A%D8%A9-%D8%A7%D9%84%D8%B3%D9%88%D8%AF%D8%A7%D9%86%D9%8A-%D9%8A%D8%A4%D9%83%D8%AF-%D8%BA%D9%8A%D8%A7%D8%A8-%D8%A7%D9%84%D8%AF%D8%B9%D9%85-%D8%A7%D9%84%D8%B3%D8%B1%D9%8A%D8%B9-%D8%B9%D9%86-%D8%A7%D9%84%D8%AD%D9%88%D8%A7%D8%B1-%D8%A7%D9%84%D9%88%D8%B7%D9%86%D9%8A-%D8%A7%D9%84%D9%85%D8%B1%D8%AA%D9%82%D8%A8,https://s.france24.com/media/display/ac519346-ebff-11ef-81fb-005056a97e36/w:720/p:16x9/AR_20250215_234123_235320_CS.jpg,No Published Date,أفريقيا
4,France 24,No Author,قمة أديس أبابا: أزمة الكونغو تعتلي الملفات وانتخاب الجيبوتي محمود علي يوسف رئيسا للمفوضية الأفريقية,"
شكلت الأزمة في شرق جمهورية الكونغو الديمقراطية محور المحادثات في قمة الاتحاد الأفريقي التي تنعقد نهاية هذا الأسبوع في العاصمة الإثيوبية.
وبعدما سيطرت ""إم 23"" (حركة 23 آذار/مارس) في نهاية كانون الثاني/يناير على غوما، عاصمة إقليم شمال كيفو، واصلت تقدمها في إقليم جنوب كيفو المجاور.
كما سيطرت الحركة إلى جانب القوات الرواندية الجمعة على مطار مدينة بوكافو، عاصمة جنوب كيفو، وهو موقع استراتيجي تتمركز فيه القوات المسلحة الكونغولية ويقع على بعد حوالي ثلاثين كيلومترا من المدينة.
إلى ذلك، ومع السقوط الوشيك للمدينة التي سبق أن سيطر عليها جنود منشقون عن الجيش الكونغولي عام 2004، ستبسط حركة ""إم23"" والقوات الرواندية سيطرتها على بحيرة كيفو الممتدة على طول الحدود الرواندية.
هذا، وفي المقابل، يحظى الجيش الكونغولي بدعم من قوات جنوب أفريقية وبوروندية.
ووفق أرقام الأمم المتحدة، فإن حوالي أربعة آلاف عسكري رواندي يقاتلون في شرق جمهورية الكونغو الديمقراطية.
ومع تصاعد النزاع مؤخرا، وفيما تطالب كينشاسا بلا جدوى بفرض عقوبات دولية على كيغالي، تزايدت دعوات الأسرة الدولية إلى وقف إطلاق نار، ولا سيما من قادة دول شرق أفريقيا، من دون أن تلقى استجابة.
ويذكر أن المواجهات الأخيرة في هذه المنطقة التي تشهد اضرابات منذ ثلاثين عاما، أسفرت عن سقوط ما لا يقل عن 2900 قتيلا بحسب الأمم المتحدة.
ومن جانبه، لم يشارك رئيس الكونغو فيليكس تشيسيكيدي في اجتماع لمجلس السلام والأمن التابع للاتحاد الأفريقي الجمعة، لكنه حضر مؤتمر ميونيخ للأمن حيث ندد بـ""الميول التوسعية"" الرواندية داعيا إلى ""نبذ"" هذا البلد.
وكان من المقرر أن يشارك في قمة الاتحاد الأفريقي في نهاية هذا الأسبوع، لكنه عدل عن الحضور في نهاية المطاف.
ويشار إلى أن التكتل الأفريقي واجه انتقادات أخذت عليه بعض مواقفه باعتبارها شديدة الليونة وتصب في صالح كيغالي. وإن كان الرئيس المنتهية ولايته لمفوضية الاتحاد الرئيس التشادي موسى فقي محمد دعا في بيانات إلى وقف المعارك، فهو لم يذكر فيها رواندا.
وفي حديث لوكالة الأنباء الفرنسية، رأى تييري فيركولون من المعهد الفرنسي للعلاقات الدولية أن ""الاتحاد الأفريقي لا يملك أي سلطة في هذا النزاع، إنه مجرد متفرج"".
واعتبر ريشار مونكرييف خبير منطقة البحيرات الكبرى في مجموعة الأزمات الدولية أن رئيس رواندا بول ""كاغامي استنتج بوضوح أن أفضل مقاربة له هي أن يتقدم، وهو يحظى بدعم"" من الدول الأفريقية.
وقال وزير المالية في جيبوتي إن الزعماء الأفارقة اختاروا وزير خارجية جيبوتي محمود علي يوسف رئيسا لمفوضية الاتحاد الأفريقي السبت.
وفي منشور على منصة إكس، كتب إلياس موسى دوالي وزير الاقتصاد والمالية في جيبوتي إن يوسف ""فاز"" بالمنصب عبر انتخابات.

ومن جهته، أفاد الناطق باسم الرئاسة الجيبوتية بأن محمود علي يوسف من جيبوتي انتخب رئيسا لمفوضية الاتحاد الأفريقي.
وأكد الناطق أليكسيس محمد قائلا: ""لقد فزنا، لقد ضمنّا أكبر عدد من الأصوات وفزنا"". وأوضح أن يوسف نال تأييد 33 صوتا متغلبا على السياسي الكيني المعارض رايلا أودينغا الذي كان الأوفر حظا بالفوز. وسيخلف التشادي موسى فكي محمد لولاية تدوم أربع سنوات.
وكان قد تنافس ثلاثة مرشحين لهذا المنصب الذي خصص هذه المرة لممثل عن شرق أفريقيا، وهم وزير خارجية جيبوتي محمود علي يوسف، والمعارض الكيني رايلا أودينغا، ووزير خارجية مدغشقر السابق ريشارد راندرياماندراتو.
ويذكر أن هذا النزاع يثير مخاوف من اندلاع حرب إقليمية على ضوء الوجود العسكري للعديد من الدول المجاورة للكونغو الديمقراطية على أراضي هذه الدولة الشاسعة في أفريقيا الوسطى.

فرانس24/ أ ف ب/رويترز
","
                                        اعتلى التصعيد العسكري في شرق جمهورية الكونغو الديمقراطية حيث سيطرت الجمعة حركة ""إم23"" المسلحة المدعومة من رواندا على مدينة استراتيجية، ملفات قمة الاتحاد الأفريقي التي تنعقد في نهاية الأسبوع بالعاصمة الإثيوبية أديس أبابا في غياب رئيس الكونغو فيليكس تشيسيكيدي. فيما تم انتخاب وزير خارجية جيبوتي محمود علي يوسف رئيسا لمفوضية الاتحاد الأفريقي.                ",https://www.france24.com/ar/%D8%A3%D9%81%D8%B1%D9%8A%D9%82%D9%8A%D8%A7/20250215-%D8%A7%D9%84%D9%82%D9%85%D8%A9-%D8%A7%D9%84%D8%A3%D9%81%D8%B1%D9%8A%D9%82%D9%8A%D8%A9-%D8%A7%D9%84%D8%AA%D8%B5%D8%B9%D9%8A%D8%AF-%D8%A7%D9%84%D8%B9%D8%B3%D9%83%D8%B1%D9%8A-%D9%81%D9%8A-%D8%B4%D8%B1%D9%82-%D8%A7%D9%84%D9%83%D9%88%D9%86%D8%BA%D9%88-%D9%8A%D8%B9%D8%AA%D9%84%D9%8A-%D8%A7%D9%84%D9%85%D9%84%D9%81%D8%A7%D8%AA-%D8%A8%D8%A3%D8%AF%D9%8A%D8%B3-%D8%A3%D8%A8%D8%A7%D8%A8%D8%A7,https://s.france24.com/media/display/d607f138-eb7a-11ef-a86d-005056bf30b7/w:720/p:16x9/3a4667ffda25f8dda01f162ee4ce66fecacdfb7a.jpg,No Published Date,أفريقيا
5,France 24,No Author,السودان: قوات الدعم السريع تستهدف مخيما يعاني من المجاعة وفق سكان وعاملين صحيين,"

وفق سكان وعاملين بالقطاع الطبي إن قوات الدعم السريع السودانية هاجمت مخيم زمزم للنازحين الذي يعاني من المجاعة في وقت تحاول فيه القوات شبه العسكرية إحكام قبضتها على معقلها في دارفور مع تكبدها خسائر أمام الجيش في العاصمة الخرطوم.
وتسبب أحدث قتال إلى ترسيخ خطوط المواجهة بين الطرفين المتناحرين في صراع يهدد بتقسيم السودان بعد أن دفع نصف السكان إلى هاوية الجوع وشرّد أكثر من 20 بالمئة منهم منذ أبريل/ نيسان 2023.
وأفاد ثلاثة أشخاص في مخيم زمزم أن قوات الدعم السريع شنت هذا الأسبوع هجمات متعددة على سكان المخيم في إطار محاولتها تعزيز سيطرتها على أراضيها.
وذكرت منظمة أطباء بلا حدود أن سبعة أشخاص قتلوا نتيجة للعنف، بينما يقول السكان إن العشرات ربما يكونون قد لاقوا حتفهم. وقالت المنظمة إن المسعفين غير قادرين على إجراء عمليات جراحية داخل زمزم، كما أصبح السفر مستحيلا إلى المستشفى السعودي في الفاشر، وهو هدف متكرر لقوات الدعم السريع.
وتحققت وكالة الأنباء البريطانية رويترز من مقطع فيديو يظهر أفرادا من قوات الدعم السريع داخل مخيم زمزم في وقت سابق هذا الأسبوع وهم يدوسون على راية للطرف الثاني من الصراع مع تعرض مبنى للاحتراق في الخلفية.
ويقع مخيم زمزم قرب مدينة الفاشر، عاصمة ولاية شمال دارفور، وهي آخر معاقل الجيش في إقليم دارفور الأوسع.


وتقول قوات الدعم السريع، التي لم ترد على طلب التعليق بعد، إن زمزم قاعدة للقوات المشتركة، وهي جماعات متمردة سابقة تقاتل الآن في صف الجيش.
وتضمن بيان للقوات المشتركة الخميس أنها لم تكن في المخيم. وقالت الحكومة السودانية إن الجيش والقوات المشتركة ومتطوعين آخرين تمكنوا من صد قوات الدعم السريع في مخيم زمزم الأربعاء.
بعد ما يقرب من 22 شهرا من اندلاع الحرب بسبب صراع على السلطة بين الجيش وقوات الدعم السريع، تسيطر القوات شبه العسكرية على كل دارفور تقريبا في غرب السودان، ومعظم منطقة كردفان المجاورة، بينما يسيطر الجيش على شمال السودان وشرقه، وحقق في الآونة الأخيرة مكاسب كبيرة في الخرطوم.
وأفاد السياسي إبراهيم الميرغني أنه سيتم توقيع ""ميثاق سياسي"" لإنشاء حكومة موازية في المناطق التي تسيطر عليها قوات الدعم السريع الأسبوع المقبل، مع الإعلان عن تشكيل الحكومة بعد ذلك بفترة وجيزة. ويؤيد الميرغني هذه الجهود.

وذكر أحد السكان وأظهر مقطع فيديو نشره نشطاء أن قوات الدعم السريع تستهدف مخيم زمزم بالمدفعية منذ أشهر، مما دفع بعض الأشخاص إلى حفر جحور للاحتماء بها.
وقال ذلك الساكن إنهم يمارسون التخويف ويرتكبون السرقات والقتل داخل الأحياء، وإن الناس يختبئون في هذه الجحور عندما يطلقون النار أثناء المداهمات، لأنه لا يوجد مكان آخر يفرون إليه.
وأشار مختبر الأبحاث الإنسانية التابع لكلية الصحة العامة بجامعة ييل أن قوات الدعم السريع واصلت أيضا تنفيذ المداهمات وهجمات الحرق العمد في القرى المحيطة بالفاشر في الأسابيع القليلة الماضية.
وقال ناثانيال رايموند المدير التنفيذي للمختبر إن المختبر خلص إلى أن أكثر من نصف المباني في السوق الرئيسية بزمزم دُمرت بطريقة تتسق مع هجمات الحرق العمد.
ووفق مقطع فيديو نشره مني مناوي حاكم دارفور الموالي للجيش أكشاكا محترقة وخضراوات متناثرة على الأرض.
وقال رايموند إنه تم رصد حرائق متعمدة أيضا في منازل على طول المدخل الشمالي للمخيم.
من جهتها، قالت المنظمة الدولية للهجرة إن هذه الأحداث أدت إلى نزوح عشرات الألوف، ولجأ كثير منهم إلى مخيم زمزم، مما أدى إلى تضخم عدد سكان المخيم إلى مليون شخص.
قالت كليمنتاين نكويتا سلامي ممثلة الأمم المتحدة في السودان الخميس إنها ""صدمت من الهجمات على مخيم زمزم للنازحين وقطع طرق الهروب"".
وذكرت الأمم المتحدة وعمال إغاثة آخرون أن قوات الدعم السريع قيدت جهود الإغاثة في أنحاء إقليم دارفور، كما تأثرت الجهود بالتجميد المفروض على الوكالة الأمريكية للتنمية الدولية.
وقالت ماريون رامستاين منسقة منظمة أطباء بلا حدود في شمال دارفور إن المنظمة اضطرت إلى وقف برنامج تغذية لنحو ستة آلاف طفل يعانون من سوء التغذية بعد الهجمات. وأطباء بلا حدود واحدة من المنظمات الإنسانية القليلة التي تنفذ عمليات في المنطقة.
وفي أغسطس/ آب، خلصت لجنة مراجعة المجاعة بالتصنيف المرحلي المتكامل للأمن الغذائي إلى أن مخيم زمزم يعاني من المجاعة. وفي ديسمبر/ كانون الأول، أكدت اللجنة تفشي المجاعة في مخيمين آخرين في الفاشر.
وفي وقت سابق من هذا الشهر، قالت منظمة أطباء بلا حدود إنها وجدت أن نسبة أطفال المخيم الذين يعانون من سوء التغذية ارتفعت إلى 34 بالمئة، وهو مستوى مماثل للموجود في بلدة طويلة القريبة التي فر إليها كثيرون بسبب هجمات قوات الدعم السريع.

فرانس24/ رويترز","
                                        هاجمت قوات الدعم السريع السودانية مخيم زمزم للنازحين، مما أسفر عن سقوط قتلى وتعطيل الإغاثة الطبية، وفق ما أفاد به سكان وعاملون صحيون. يأتي الهجوم وسط تصاعد الصراع في دارفور، حيث تحاول القوات شبه العسكرية تعزيز سيطرتها رغم خسائرها أمام الجيش في الخرطوم.                ",https://www.france24.com/ar/%D8%A3%D9%81%D8%B1%D9%8A%D9%82%D9%8A%D8%A7/20250215-%D8%A7%D9%84%D8%B3%D9%88%D8%AF%D8%A7%D9%86-%D9%82%D9%88%D8%A7%D8%AA-%D8%A7%D9%84%D8%AF%D8%B9%D9%85-%D8%A7%D9%84%D8%B3%D8%B1%D9%8A%D8%B9-%D8%AA%D8%B3%D8%AA%D9%87%D8%AF%D9%81-%D9%85%D8%AE%D9%8A%D9%85%D8%A7-%D9%8A%D8%B9%D8%A7%D9%86%D9%8A-%D9%85%D9%86-%D8%A7%D9%84%D9%85%D8%AC%D8%A7%D8%B9%D8%A9-%D9%88%D9%81%D9%82-%D8%B3%D9%83%D8%A7%D9%86-%D9%88%D8%B9%D8%A7%D9%85%D9%84%D9%8A%D9%86-%D8%B5%D8%AD%D9%8A%D9%8A%D9%86,https://s.france24.com/media/display/db2576f2-5397-11ef-b680-005056a90284/w:720/p:16x9/2024-07-18T145459Z_210964471_RC23P099J0DY_RTRMADP_3_SUDAN-POLITICS-AID.JPG,No Published Date,أفريقيا
6,France 24,No Author,فيضانات وتغير مناخي.. دوامة الفقر مستمرة في سيراليون,,"
                                                سيراليون، هي إحدى الدول الأكثر عرضة لتآكل السواحل، وفقا للأمم المتحدة. يواجه أكثر من مليوني شخص خطر ارتفاع منسوب البحر. حتى العاصمة فريتاون وأحياؤها العشوائية التي شيدت على أراض اقتطعت من البحر، أصبحت على وشك الغرق. تعود هذه الظاهرة إلى تغير المناخ، ولكن أيضا إلى سلوكيات البشر، والأوضاع الاجتماعية بسبب الفقر المدقع في البلاد والنتيجة هي أن بعض السكان يدفعون إلى تدمير بيئتهم لكسب قوت يومهم. تقرير: سارة ساخو، سيدو باه، وسيمون مارتن                    ",https://www.france24.com/ar/%D8%A8%D8%B1%D8%A7%D9%85%D8%AC/%D9%85%D8%B1%D8%A7%D8%B3%D9%84%D9%88%D9%86/20250214-%D9%81%D9%8A%D8%B6%D8%A7%D9%86%D8%A7%D8%AA-%D9%88%D8%AA%D8%BA%D9%8A%D8%B1-%D9%85%D9%86%D8%A7%D8%AE%D9%8A-%D8%AF%D9%88%D8%A7%D9%85%D8%A9-%D8%A7%D9%84%D9%81%D9%82%D8%B1-%D9%85%D8%B3%D8%AA%D9%85%D8%B1%D8%A9-%D9%81%D9%8A-%D8%B3%D9%8A%D8%B1%D8%A7%D9%84%D9%8A%D9%88%D9%86,https://s.france24.com/media/display/44f0d250-eaee-11ef-856f-005056a97e36/w:720/p:16x9/AR_PUSH_PICTURE%20%280-00-00-00%29.jpg,No Published Date,أفريقيا
7,France 24,No Author,جنوب أفريقيا: جوهانسبورغ.. مدينة تنهار تحت وطأة الفساد والصراعات السياسية,,"
                                                في السابق، تميز وسط مدينة جوهانسبرغ باعتباره مركزا اقتصاديا يضم الكثير من المساحات الخضراء. لكن على مدى العقدين الماضيين، تدهورت المدينة لتصبح مدينة معروفة اليوم بالجريمة، والإهمال، وانهيار البنية التحتية. من جهة أخرى لعب تزايد عدد السكان، الذين يرفض الكثير منهم دفع ثمن الخدمات، دورا في تعميق هذه الأزمة، خصوصا مع تعاقب عشرة رؤساء بلديات على المدينة خلال مدى خمس سنوات، ناهيك عن الفساد أثناء عمليات المناقصة لتقديم الخدمات ما أدى إلى إنهيار البنية التحتية للمدينة والاستيلاء على منطقة التجارة المركزية من قبل عصابات.                    ",https://www.france24.com/ar/%D8%A8%D8%B1%D8%A7%D9%85%D8%AC/%D8%B1%D9%8A%D8%A8%D9%88%D8%B1%D8%AA%D8%A7%D8%AC/20250214-%D8%AC%D9%86%D9%88%D8%A8-%D8%A3%D9%81%D8%B1%D9%8A%D9%82%D9%8A%D8%A7-%D8%AC%D9%88%D9%87%D8%A7%D9%86%D8%B3%D8%A8%D9%88%D8%B1%D8%BA-%D9%85%D8%AF%D9%8A%D9%86%D8%A9-%D8%AA%D9%86%D9%87%D8%A7%D8%B1-%D8%AA%D8%AD%D8%AA-%D9%88%D8%B7%D8%A3%D8%A9-%D8%A7%D9%84%D9%81%D8%B3%D8%A7%D8%AF-%D9%88%D8%A7%D9%84%D8%B5%D8%B1%D8%A7%D8%B9%D8%A7%D8%AA-%D8%A7%D9%84%D8%B3%D9%8A%D8%A7%D8%B3%D9%8A%D8%A9,https://s.france24.com/media/display/2c95d290-eaea-11ef-b511-005056a90284/w:720/p:16x9/capture-127177532267af6430091d15.87354423.jpg,No Published Date,أفريقيا
8,France 24,No Author,"غوتيريس يدعو إلى وقف تدفّق الأسلحة إلى السودان... والإمارات تقترح ""هدنة إنسانية"" خلال شهر رمضان",,No Description,https://www.france24.com/ar/%D8%A3%D9%81%D8%B1%D9%8A%D9%82%D9%8A%D8%A7/20250214-%D8%BA%D9%88%D8%AA%D9%8A%D8%B1%D9%8A%D8%B3-%D9%8A%D8%AF%D8%B9%D9%88%D8%A5%D9%84%D9%89-%D9%88%D9%82%D9%81-%D8%AA%D8%AF%D9%81%D9%91%D9%82-%D8%A7%D9%84%D8%A3%D8%B3%D9%84%D8%AD%D8%A9-%D8%A5%D9%84%D9%89-%D8%A7%D9%84%D8%B3%D9%88%D8%AF%D8%A7%D9%86-%D9%88%D8%A7%D9%84%D8%A5%D9%85%D8%A7%D8%B1%D8%A7%D8%AA-%D8%AA%D9%82%D8%AA%D8%B1%D8%AD-%D9%87%D8%AF%D9%86%D8%A9-%D8%A5%D9%86%D8%B3%D8%A7%D9%86%D9%8A%D8%A9-%D8%AE%D9%84%D8%A7%D9%84-%D8%B4%D9%87%D8%B1%D8%B1%D9%85%D8%B6%D8%A7%D9%86,https://s.france24.com/media/display/f8f9c23c-ae9d-11ed-ac88-005056bfb2b6/w:720/p:16x9/000_339F68J.jpg,No Published Date,أفريقيا
9,France 24,No Author,"اغتصاب القاصرات في مدغشقر: ""الإخصاء القسري"".. عقوبة مثيرة للجدل",,"
                                                تعد مدغشقر واحدة من الدول العشر في العالم التي تنتج وتنشر عبر الإنترنت أكبر عدد من الأفلام الإباحية الموجهة للأطفال، فقد تم تسجيل 673 حالة اغتصاب لقاصرات في مدغشقر خلال عام 2023، هذه الآفة دفعت رئيس البلاد إلى الإعلان قبل عام عن رغبته في تشديد العقوبات على مغتصبي الأطفال، من خلال تشريع عقوبة ""الإخصاء القسري"" على مرتكبي الاعتداءات الجنسية بحق الأطفال، بالإضافة إلى عقوبة السجن. هذا الإجراء الصادم، الذي أطلقه الرئيس بهدف مكافحة آلاف حالات الاغتصاب، أثار الجدل في البلاد.                    ",https://www.france24.com/ar/%D8%A8%D8%B1%D8%A7%D9%85%D8%AC/%D9%81%D9%8A-%D8%B9%D9%85%D9%82-%D8%A7%D9%84%D8%AD%D8%AF%D8%AB/20250212-%D8%A7%D8%BA%D8%AA%D8%B5%D8%A7%D8%A8-%D8%A7%D9%84%D9%82%D8%A7%D8%B5%D8%B1%D8%A7%D8%AA-%D9%81%D9%8A-%D9%85%D8%AF%D8%BA%D8%B4%D9%82%D8%B1-%D8%A7%D9%84%D8%A5%D8%AE%D8%B5%D8%A7%D8%A1-%D8%A7%D9%84%D9%82%D8%B3%D8%B1%D9%8A-%D8%B9%D9%82%D9%88%D8%A8%D8%A9-%D9%85%D8%AB%D9%8A%D8%B1%D8%A9-%D9%84%D9%84%D8%AC%D8%AF%D9%84,https://s.france24.com/media/display/98a70218-e94d-11ef-9de3-005056bf30b7/w:720/p:16x9/capture-90022006267acafff2d8ca6.33293213.jpg,No Published Date,أفريقيا
10,France 24,No Author,إبرام اتفاقيات جزائرية-نيجيرية-نيجرية لتسريع إنجاز مشروع أنبوب الغاز نحو أوروبا,"
وفق ما أفادت وكالة الأنباء الجزائرية الرسمية فإن الجزائر ونيجيريا والنيجر وقّعت الثلاثاء في الجزائر العاصمة سلسلة اتفاقيات لتسريع إنجاز ""مشروع أنبوب الغاز العابر للصحراء"".
ويمتدّ أنبوب الغاز العابر للصحراء، لأكثر من أربعة آلاف كيلومتر لتصدير الغاز النيجيري إلى أوروبا.
ومن المفترض أن ينقل هذا الأنبوب عند اكتمال بنائه مليارات الأمتار المكعبة من الغاز النيجيري إلى النيجر ثم إلى الجزائر حيث يمكن بعد ذلك أن يتم تصديره إلى الاتحاد الأوروبي سواء عبر أنبوب ""ترانسميد"" الذي ينقل الغاز من الجزائر إلى إيطاليا عبر تونس، أو عبر تحويله إلى غاز طبيعي مسال ونقله على متن سفن شحن مخصصة لنقل هذا النوع من الوقود.
وأبرمت الدول الثلاث في الجزائر الثلاثاء عقودا بين شركاتها النفطية، تشمل تحديث دراسة الجدوى، والتعويض، واتفاق عدم الإفصاح.
وأفادت الوكالة نقلا عن وزير الطاقة الجزائري محمد عرقاب قوله إن ""هذا المشروع الطاقوي الهام والاستراتيجي يجسد التعاون بين الدول الإفريقية للولوج الى الأسواق العالمية في مجال توريد الغاز الطبيعي"".
من جهته أكد الوزير على ""الطابع الاستراتيجي الذي يكتسيه المشروع بالنسبة لإفريقيا ككل والذي من شأنه نقل من 20 إلى 30 مليار م3 سنويا من الغاز من نيجيريا مرورا بالنيجر والجزائر نحو الأسواق الدولية، لا سيما أوروبا"".
وعندما تم إطلاق المشروع في 2009، قدِرت تكلفة بنائه بنحو 10 مليارات دولار.
ومن المفترض بهذا الخط أن يزود أيضا دول الساحل بالغاز.
وتلقى المشروع دفعة نحو الأمام في ظل الوضع الجيوسياسي الراهن بعد أن زاد الطلب الدولي على الغاز والنفط وارتفعت أسعارهما في أعقاب غزو روسيا لأوكرانيا في نهاية شباط/فبراير 2022.

فرانس24/ أ ف ب","
                                        في إطار ""مشروع أنبوب الغاز العابر للصحراء""، تم توقيع سلسلة اتفاقيات بين الجزائر ونيجيريا والنيجر الثلاثاء في الجزائر العاصمة، وفق ما أعلنت وكالة الأنباء الجزائرية الرسمية. ويمتد أنبوب الغاز العابر للصحراء، لأكثر من أربعة آلاف كيلومتر لتصدير الغاز النيجيري إلى أوروبا.                ",https://www.france24.com/ar/%D8%A3%D9%81%D8%B1%D9%8A%D9%82%D9%8A%D8%A7/20250212-%D8%A7%D8%AA%D9%81%D8%A7%D9%82%D9%8A%D8%A7%D8%AA-%D8%A7%D9%84%D8%AC%D8%B2%D8%A7%D8%A6%D8%B1-%D9%86%D9%8A%D8%AC%D9%8A%D8%B1%D9%8A%D8%A7-%D8%A7%D9%84%D9%86%D9%8A%D8%AC%D8%B1-%D8%A5%D9%86%D8%AC%D8%A7%D8%B2-%D9%85%D8%B4%D8%B1%D9%88%D8%B9-%D8%A3%D9%86%D8%A8%D9%88%D8%A8-%D8%A7%D9%84%D8%BA%D8%A7%D8%B2-%D8%A3%D9%88%D8%B1%D9%88%D8%A8%D8%A7,https://s.france24.com/media/display/877eb09a-e915-11ef-a004-005056bf30b7/w:720/p:16x9/gaz%20algerie-1.jpg,No Published Date,أفريقيا
11,France 24,No Author,الضرائب الفلسطينية: أداة ضغط اقتصادي إسرائيلي,,"
                                                تستمر إسرائيل في اقتطاع جزء كبير من أموال الضرائب الفلسطينية، التي تشكل ثلثي إيرادات السلطة الفلسطينية، ما يضعها في أزمة مالية خانقة. وتستخدم إسرائيل هذه الأموال كعقاب للسلطة الفلسطينية عند اتخاذها مواقف لا تتوافق مع مصالحها، مما يؤدي إلى تدهور الأوضاع الاقتصادية الفلسطينية وتراجع النشاط التجاري والقدرة على دفع الرواتب.                    ",https://www.france24.com/ar/%D8%A8%D8%B1%D8%A7%D9%85%D8%AC/%D8%B1%D9%8A%D8%A8%D9%88%D8%B1%D8%AA%D8%A7%D8%AC/20250218-%D8%A7%D9%84%D8%B6%D8%B1%D8%A7%D8%A6%D8%A8-%D8%A7%D9%84%D9%81%D9%84%D8%B3%D8%B7%D9%8A%D9%86%D9%8A%D8%A9-%D8%A3%D8%AF%D8%A7%D8%A9-%D8%B6%D8%BA%D8%B7-%D8%A7%D9%82%D8%AA%D8%B5%D8%A7%D8%AF%D9%8A-%D8%A5%D8%B3%D8%B1%D8%A7%D8%A6%D9%8A%D9%84%D9%8A,https://s.france24.com/media/display/10c9ee68-ee12-11ef-809f-005056bfb2b6/w:1280/p:16x9/thumbnail%20%289%29-1.jpg,No Published Date,No Tags
12,France 24,No Author,بينالي الفنون الإسلامية : كسوة الكعبة تعرض لأول مرة,,"
                                                في سلسلة خاصة من برنامج ثقافة، تأخذنا ليانا صالح إلى مدينة جدة في المملكة العربية السعودية للتعرف إلى أبرز خصائص الدورة الثانية لبينالي الفنون الإسلامية التي تستكشف ثيمة وما بينهما التي وردت في القرآن حوالى عشرين مرة.في هذا العدد، نشاهد لأوّل مرّة كسوة الكعبة، بالإضافة مقتنيات خاصة تخرج لأوّل مرّة من مكّة والمدينة.                    ",https://www.france24.com/ar/%D8%A8%D8%B1%D8%A7%D9%85%D8%AC/%D8%AB%D9%82%D8%A7%D9%81%D8%A9/20250218-%D8%A8%D9%8A%D9%86%D8%A7%D9%84%D9%8A-%D8%A7%D9%84%D9%81%D9%86%D9%88%D9%86-%D8%A7%D9%84%D8%A5%D8%B3%D9%84%D8%A7%D9%85%D9%8A%D8%A9-%D9%83%D8%B3%D9%88%D8%A9-%D8%A7%D9%84%D9%83%D8%B9%D8%A8%D8%A9-%D8%AA%D8%B9%D8%B1%D8%B6-%D9%84%D8%A3%D9%88%D9%84-%D9%85%D8%B1%D8%A9,https://s.france24.com/media/display/4f58a022-edfc-11ef-a5be-005056a90284/w:1280/p:16x9/capture-12045049467b48b1a4e8c94.97285033.jpg,No Published Date,ثقافة
13,France 24,No Author,ليبيا: منظمات المجتمع المدني في مواجهة العقبات البيروقراطية,,"
                                                شهدت ليبيا منذ 2011 تطورا ملحوظا في عدد منظمات المجتمع المدني، حيث برزت كجهات فاعلة في مختلف المجالات، من الإغاثة الإنسانية إلى حقوق الإنسان والتنمية المستدامة. ومع ذلك، تواجه هذه المنظمات تحديات عديدة، من بينها غياب إطار قانوني واضح، وصعوبة الحصول على التمويل، ومدى تقبل المجتمع لدورها.                    ",https://www.france24.com/ar/%D8%A8%D8%B1%D8%A7%D9%85%D8%AC/%D8%B1%D9%8A%D8%A8%D9%88%D8%B1%D8%AA%D8%A7%D8%AC/20250218-%D9%84%D9%8A%D8%A8%D9%8A%D8%A7-%D9%85%D9%86%D8%B8%D9%85%D8%A7%D8%AA-%D8%A7%D9%84%D9%85%D8%AC%D8%AA%D9%85%D8%B9-%D8%A7%D9%84%D9%85%D8%AF%D9%86%D9%8A-%D9%81%D9%8A-%D9%85%D9%88%D8%A7%D8%AC%D9%87%D8%A9-%D8%A7%D9%84%D8%B9%D9%82%D8%A8%D8%A7%D8%AA-%D8%A7%D9%84%D8%A8%D9%8A%D8%B1%D9%88%D9%82%D8%B1%D8%A7%D8%B7%D9%8A%D8%A9,https://s.france24.com/media/display/4aaf6068-edfe-11ef-993d-005056a90284/w:1280/p:16x9/capture-198938389867b48e6de3fdd1.90601049.jpg,No Published Date,No Tags
14,France 24,No Author,"هل الدولة التونسية ""متورطة في بيع المهاجرين"" إلى ليبيا؟",,"
                                                يتوقف حكيم بالطيفة في هذه الحلقة من وجها لوجه عند  تقرير مجموعة من الباحثين مستند على شهادات مهاجرين رُفع إلى البرلمان الأوروبي يتهم الدولة التونسية ببيع المهاجرين غير النظاميين إلى ليبيا وسط تنديد تونس بما وصفتها بأخبار مضللة، مع ضيفيّ الحلقة من تونس بدر السماوي الخبير في قضايا الحماية الاجتماعية، والأمين العام لحركة النضال الوطني بتونس ومن أثينا محمد الكاشف المحامي والاستشاري في سياساتِ الهجرة وحقوق اللاجئين  في شبكة Migreurope ومنظمة مراقبة المتوسط..                      ",https://www.france24.com/ar/%D8%A8%D8%B1%D8%A7%D9%85%D8%AC/%D9%88%D8%AC%D9%87%D8%A7-%D9%84%D9%88%D8%AC%D9%87/20250217-%D9%87%D9%84-%D8%A7%D9%84%D8%AF%D9%88%D9%84%D8%A9-%D8%A7%D9%84%D8%AA%D9%88%D9%86%D8%B3%D9%8A%D8%A9-%D9%85%D8%AA%D9%88%D8%B1%D8%B7%D8%A9-%D9%81%D9%8A-%D8%A8%D9%8A%D8%B9-%D8%A7%D9%84%D9%85%D9%87%D8%A7%D8%AC%D8%B1%D9%8A%D9%86-%D8%A5%D9%84%D9%89-%D9%84%D9%8A%D8%A8%D9%8A%D8%A7,https://s.france24.com/media/display/f1c45772-ed73-11ef-8e66-005056bfb2b6/w:1280/p:16x9/capture-192583502767b3a652281a96.81029084.jpg,No Published Date,الأخبار المغاربية
15,France 24,No Author,ساحل العاج.. أفراس النهر القزمة المهددة بالانقراض، والسبب التنقيب عن الذهب!,,"
                                                يعيش غالبية ما تبقى من فصيلة فرس النهر القزم في كوت ديفوار، وتحديدا في منتزه تاي، وهو أكبر وآخر الغابات المتبقية في غرب إفريقيا. هذا الحيوان أصبح مؤخرا نجمًا على وسائل التواصل الاجتماعي مع ملايين المنشورات ومقاطع الفيديو التي انتشرت حول العالم. لكنه على وشك الانقراض فلم يتبق منه سوى 2500 في العالم كله. سبب ذلك هو التلوث الناتج عن أعمال التنقيب غير القانونية عن الذهب.. تقرير جوليا غوغنهايم وداميان كوفي أعدته للعربية ناتالي مبروكي.                     ",https://www.france24.com/ar/%D8%A8%D8%B1%D8%A7%D9%85%D8%AC/%D9%81%D9%8A-%D8%B9%D9%85%D9%82-%D8%A7%D9%84%D8%AD%D8%AF%D8%AB/20250211-%D8%B3%D8%A7%D8%AD%D9%84-%D8%A7%D9%84%D8%B9%D8%A7%D8%AC-%D8%A3%D9%81%D8%B1%D8%A7%D8%B3-%D8%A7%D9%84%D9%86%D9%87%D8%B1-%D8%A7%D9%84%D9%82%D8%B2%D9%85%D8%A9-%D8%A7%D9%84%D9%85%D9%87%D8%AF%D8%AF%D8%A9-%D8%A8%D8%A7%D9%84%D8%A7%D9%86%D9%82%D8%B1%D8%A7%D8%B6-%D9%88%D8%A7%D9%84%D8%B3%D8%A8%D8%A8-%D8%A7%D9%84%D8%AA%D9%86%D9%82%D9%8A%D8%A8-%D8%B9%D9%86-%D8%A7%D9%84%D8%B0%D9%87%D8%A8,https://s.france24.com/media/display/5f0a953e-e6e0-11ef-8038-005056bf30b7/w:720/p:16x9/capture-25402712367a89dc10bf464.02943051.jpg,No Published Date,أفريقيا
16,France 24,No Author,الجيش السوداني يعلن استعادة السيطرة على قطاع رئيسي في العاصمة الخرطوم,"
في بيان، أعلن المتحدث باسم الجيش السوداني نبيل عبد الله قائلا ""أكملت قواتنا اليوم (الجمعة) مع الوحدات المتحالفة معها تطهير منطقة أبوقوتة ومناطق بشرق النيل وكافوري من شراذم مليشيات دقلو الإرهابية""، في إشارة إلى قائد قوات الدعم السريع محمد حمدان دقلو الملقب ""حميدتي"".
وتعد هذه المنطقة واحدة من أغنى مناطق الخرطوم ويقطنها مليون نسمة، وكانت تشكل معقلا لقوات الدعم السريع. إذ كان يقيم فيها عبد الرحيم دقلو، شقيق ونائب قائد قوات الدعم السريع.
وبهذه العملية يقترب الجيش من استعادة السيطرة الكاملة على بحري حيث يعيش نحو مليون نسمة.
هذا، وشن الجيش هجومه على بحري في الأسابيع الأخيرة ودحر قوات الدعم السريع نحو الضواحي. وتشكل بحري مع أم درمان ومركز المدينة إلى الجنوب، الخرطوم الكبرى.
ويتقدم الجيش الذي كان في موقع دفاعي في بداية الحرب بقيادة عبد الفتاح البرهان، منذ عدة أسابيع في العاصمة أمام قوات حليفه السابق.
ومن جانبها، أعربت منظمة العفو الدولية عن قلقها الجمعة من الأعمال الانتقامية المحتملة في المناطق التي استعادت القوات النظامية السيطرة عليها مؤخرا.
كما شددت المنظمة غير الحكومية على أنها تعمل على التحقق من صحتها، وأوردت معلومات تحدثت عن ""قوائم بأسماء سياسيين وقضاة ومدافعين عن حقوق الإنسان وعاملين في المجال الطبي والإنساني، متهمين بأنهم شركاء لقوات الدعم السريع"".
وفي منطقة الحزام الجنوبي بالخرطوم، ألقت قوات الدعم السريع السبت القبض على عضوين من شبكة سودانية من المستجيبين الأوائل بمستشفى البشائر، آخر منشأة تعمل بشكل جزئي في المنطقة، وفق ما أشارت الشبكة في بيان.
وقال مسعفون محليون الخميس إن قوات الدعم السريع اعتقلت مدير المستشفى ومدير مطبخ للفقراء ومتطوعا.
وأحصى مجلس حقوق الإنسان التابع للأمم المتحدة الأسبوع الماضي، مقتل ما لا يقل عن 18 مدنيا في بحري منذ تقدم الجيش نهاية كانون الثاني/يناير الماضي.
كما وردت أنباء عن عمليات إعدام جماعية لمدنيين بعد سيطرة الجيش على ود مدني عاصمة ولاية الجزيرة بوسط السودان، الشهر الماضي.
ويشار إلى أن جماعات حقوق الإنسان تتهم الجيش والميليشيات المتحالفة معه بارتكاب عمليات قتل خارج نطاق القانون وخطف وتعذيب جسدي ونفسي، لا سيما استهداف المجتمعات المشتبه في وجود صلات لها بقوات الدعم السريع.
ووردت تقارير أيضا عن استهداف مدنيين على أساس عرقهم في المناطق التي يسيطر عليها الجيش.
هذا، وعُرفت قوات الدعم السريع بسبب العنف العرقي الذي تمارسه مما دفع الولايات المتحدة إلى اتهامهم رسميا في 7 كانون الثاني/يناير بارتكاب ""إبادة"".
وقد كثف الجيش عملياته ضد قوات الدعم السريع في منطقة غرب دارفور الشاسعة.
وفي زالنجي عاصمة وسط دارفور الخاضعة لسيطرة قوات الدعم السريع، على بعد 1400 كيلومتر من الخرطوم، أدت غارة جوية على حي سكني إلى مقتل ثلاثة أشقاء وشقيقات، وفقا لمجموعة محلية تمثل النازحين واللاجئين.
وفي نيالا، عاصمة ولاية جنوب دارفور، قتلت غارات جوية نفذها الجيش الاسبوع الماضي 57 شخصا خلال يومين، وفق مصدر طبي.
وتعد نيالا، التي تسيطر عليها قوات الدعم السريع أيضا منذ نهاية العام 2023، مدينة استراتيجية تحتوي على مطار تمر عبره الإمدادات والأسلحة، وفقا لصور من مختبر البحوث الإنسانية بجامعة ييل.
إلى ذلك، وبينما تسيطر قوات الدعم السريع على جزء كبير من دارفور، عزز الجيش قبضته على شمال البلاد وشرقها وعلى مناطق في الوسط أيضا.
فرانس24/ أ ف ب","
                                        قال الجيش السوداني السبت إنه استعاد السيطرة على قطاع رئيسي في العاصمة الخرطوم، الأمر الذي وضع خصومه قوات الدعم السريع في مأزق. وكانت منطقة كافوري الواقعة بولاية الخرطوم شمال(بحري) خاضعة لسيطرة قوات الدعم السريع منذ نيسان/أبريل 2023 حين اندلعت الحرب بين هاتين القوتين المتنافستين، والتي خلفت آلاف الضحايا وشردت 12 مليون شخص وتسببت بأزمة إنسانية كبيرة.                ",https://www.france24.com/ar/%D8%A3%D9%81%D8%B1%D9%8A%D9%82%D9%8A%D8%A7/20250208-%D8%A7%D9%84%D8%B3%D9%88%D8%AF%D8%A7%D9%86-%D8%A7%D9%84%D8%AC%D9%8A%D8%B4-%D9%8A%D8%B9%D9%84%D9%86-%D8%A7%D8%B3%D8%AA%D8%B9%D8%A7%D8%AF%D8%A9-%D8%A7%D9%84%D8%B3%D9%8A%D8%B7%D8%B1%D8%A9-%D8%B9%D9%84%D9%89-%D9%82%D8%B7%D8%A7%D8%B9-%D8%B1%D8%A6%D9%8A%D8%B3%D9%8A-%D9%81%D9%8A-%D8%A7%D9%84%D8%B9%D8%A7%D8%B5%D9%85%D8%A9-%D8%A7%D9%84%D8%AE%D8%B1%D8%B7%D9%88%D9%85,https://s.france24.com/media/display/da026e8a-5a5c-11ef-8822-005056bf30b7/w:720/p:16x9/a6e58a9d38da85f72731a5d746e86b2067982b25.jpg,No Published Date,أفريقيا
17,France 24,No Author,مالي: عشرات القتلى في هجوم نسب لجهاديين على موكب مدني بشمال البلاد,"
ارتفعت حصيلة قتلى الهجوم الذي شنه مسلحون الجمعة يشتبه في أن يكونوا جهاديين على قافلة مدنية يصطحبها عسكريون ماليون بين غاو وأنسونغو (شمال) لأكثر من خمسين بين مدني وعسكري.
وكانت حصيلة أولية قد أوردت مقتل عشرة أشخاص في كمين نصبه مسلحون لقافلة مدنية يواكبها عسكريون ماليون ومرتزقة من مجموعة فاغنر الروسية، حسب ما أفاد مسؤولون محليون ومصدر أمني.
وقال مسؤول طلب عدم كشف هويته إن ""الجهاديين نصبوا كمينا الجمعة بين غاو وأنسونغو (شمال) لقافلة مدنية يواكبها عسكريون ماليون ومرتزقة فاغنر، قتل عشرة أشخاص على الأقل في الموقع، وهذه حصيلة لا تزال مؤقتة"".
وأضاف ""ثمة مدنيون وعسكريون بين القتلى والجرحى"".
ومن جهته أوضح مصدر طبي في غاو السبت أنه تم نقل ""الكثير من القتلى والجرحى"" جراء الهجوم إلى هذه المدينة التي تعد الأكبر في شمال مالي.
هذا، وأكد مسؤول في اتحاد مالي للنقل طالبا عدم كشف هويته أنه ""بحسب أحد السائقين الذي نجا، نصب الجهاديون كمينا للموكب وفتحوا النار على الجميع بصورة عشوائية للتسبب بأقصى عدد من الضحايا"".
وقال مسؤول آخر في شمال مالي إنه خلال الهجوم ""كان العسكريون الماليون وعناصر فاغنر موجودين في حوالي عشر آليات لضمان أمن موكب الركاب المدنيين في 22 حافلة صغيرة وست حافلات كبيرة وثماني شاحنات"".
وأضاف أن ""جهاديي تنظيم الدولة الإسلامية دمروا ما لا يقل عن خمس شاحنات"".
وحتى صباح السبت، لم يتبنّ التنظيم الهجوم. كما أنه لم يصدر أي إعلان عن الجيش المالي بشأنه.
وقال مصدر أمني مالي ""نسيطر حاليا على الوضع ميدانيا بين أنسونغو وغاو"".
ويشار إلى أنه تعرضت الطريق بين أنسونغو وغاو في الأشهر الأخيرة لهجمات نسبت إلى جهاديين أو قطاع طرق يقومون بسلب المدنيين.
وتعد مالي دولة فقيرة يحكمها مجلس عسكري بعد انقلابين في 2020 و2021. ويعاني البلد منذ 2012 أزمة متعددة الأبعاد مع وقوع هجمات قاتلة تنفذها مجموعات مختلفة تابعة لتنظيمي ""القاعدة"" و""الدولة الإسلامية""، بالإضافة إلى قطاع الطرق والعصابات الإجرامية.
فرانس24/ أ ف ب","
                                        أسفر هجوم شنه الجمعة مسلحون يشتبه بأنهم جهاديون على قافلة آليات يواكبها الجيش المالي عن مقتل أكثر من خمسين مدنيا وجنديا، وفق حصيلة أعلنها السبت مسؤول محلي ومصدر في منظمة غير حكومية محلية. ويعاني البلد منذ 2012 أزمة متعددة الأبعاد مع وقوع هجمات قاتلة تنفذها مجموعات مختلفة تابعة لتنظيمي ""القاعدة"" و""الدولة الإسلامية""، بالإضافة إلى قطاع الطرق والعصابات الإجرامية.                ",https://www.france24.com/ar/%D8%A3%D9%81%D8%B1%D9%8A%D9%82%D9%8A%D8%A7/20250208-%D9%85%D8%A7%D9%84%D9%8A-%D8%B9%D8%B4%D8%B1%D8%A7%D8%AA-%D8%A7%D9%84%D9%82%D8%AA%D9%84%D9%89-%D9%81%D9%8A-%D9%87%D8%AC%D9%88%D9%85-%D9%86%D8%B3%D8%A8-%D9%84%D8%AC%D9%87%D8%A7%D8%AF%D9%8A%D9%8A%D9%86-%D8%B9%D9%84%D9%89-%D9%85%D9%88%D9%83%D8%A8-%D9%85%D8%AF%D9%86%D9%8A-%D8%A8%D8%B4%D9%85%D8%A7%D9%84-%D8%A7%D9%84%D8%A8%D9%84%D8%A7%D8%AF,https://s.france24.com/media/display/914fa4cc-981b-11ee-9fa9-005056bf30b7/w:720/p:16x9/14b9690882c6fb76c3a193be206dcb70340fe3cc.jpg,No Published Date,أفريقيا
18,France 24,No Author,"تنزانيا: قادة أفارقة يدعون إلى ""وقف فوري لإطلاق النار"" في شرق جمهورية الكونغو الديمقراطية","
حض قادة أفريقيا الجنوبية والشرقية المجتمعون السبت في قمة بتنزانيا على ""وقف فوري لإطلاق النار"" في شرق جمهورية الكونغو الديمقراطية حيث يشتبك الجيش مع حركة ""إم23"" المسلّحة التي تواصل زحفها في المنطقة.
هذا، وقال متحدث إنه تم تكليف قادة قوات الدفاع من الدول الثماني الأعضاء في مجموعة شرق أفريقيا (EAC) والدول الأعضاء الـ 16 في مجموعة تنمية الجنوب الأفريقي (SADC) ""الاجتماع في غضون خمسة أيام وتقديم توجيهات فنية بشأن وقف فوري وغير مشروط لإطلاق النار"".
وجاء في البيان الختامي ""أكدت القمة المشتركة مجددا التضامن والالتزام الثابت بمواصلة دعم جمهورية الكونغو الديمقراطية في جهودها لحماية استقلالها وسيادتها ووحدة أراضيها"".
واحتضنت تنزانيا السبت قمة لزعماء تكتلات إقليمية من شرق وجنوب أفريقيا لبحث سبل حل النزاع الدائر في شرق الكونغو الديمقراطية، حيث استولى متمردون، تُتهم رواندا بدعمهم، على مدينة رئيسية في أسوأ تصعيد للقتال منذ أكثر من عقد من الزمن.
وسيطرت جماعة ""إم23"" الأسبوع الماضي على غوما، أكبر مدينة في شرق البلاد. ورغم الإعلان عن وقف إطلاق النار من جانب واحد، واصل المتمردون الزحف جنوبا نحو بوكافو في هجوم سريع خلف آلاف القتلى وأثار مخاوف من اندلاع حرب إقليمية.
وحث الرئيس الكيني وليام روتو جميع القوات المسلحة في شرق جمهورية الكونغو الديمقراطية على وقف الأعمال القتالية بينما اجتمع زعماء المنطقة في تنزانيا.
وقال روتو، الذي يرأس حاليا مجموعة شرق أفريقيا: ""ندعو جميع الأطراف إلى تفعيل وقف إطلاق النار، وخصوصا حركة إم23 لوقف المزيد من التقدم والقوات المسلحة في جمهورية الكونغو الديمقراطية لوقف جميع إجراءات الرد"". وأضاف: ""وقف إطلاق النار الفوري هو السبيل الوحيد الذي يمكننا من خلاله توفير الظروف اللازمة للحوار البناء وتنفيذ اتفاق سلام شامل"".
وانضم الرئيس الرواندي بول كاغامي ونظيره الكونغولي فيليكس تشيسكيدي إلى محادثات تنزانيا التي تجمع الدول الثماني في مجموعة شرق أفريقيا ومجموعة التنمية لأفريقيا الجنوبية المكونة من 16 عضوا.
وستسعى قمة دار السلام إلى تحقيق تقدم بعد تعثر عمليتي سلام في لواندا ونيروبي مع تصاعد التوترات.
في هذا الشأن، أفاد معهد دراسات الأمن في جنوب أفريقيا في تقرير الجمعة: ""نظرا لتصاعد التوترات فإن الأولويات العاجلة هي وقف إطلاق النار وفتح طرق الإمداد لتسهيل وصول المساعدات الإنسانية"".
والشهر الماضي، وسّعت جماعة ""إم23"" سيطرتها على مناجم الكولتان والذهب وخام القصدير في إقليم كيفو الشمالي، ما أدى لتشريد الآلاف في واحدة من أسوأ الأزمات الإنسانية في العالم.
وساعدت جماعات الإغاثة في تخفيف العبء عن المستشفيات المكتظة في حين يسابق العاملون الزمن لدفن جثث ما لا يقل عن ألفي شخص قتلوا في معركة غوما، وسط مخاوف من انتشار الأمراض.
ويقول الادعاء في المحكمة الجنائية الدولية إنه يراقب عن كثب ما يحدث من إراقة دماء، وقال المفوض السامي لحقوق الإنسان بالأمم المتحدة فولكر تورك إن هناك تقارير عن اغتصاب واغتصاب جماعي واسترقاق جنسي.
وقبيل القمة، حذرت واشنطن من عقوبات محتملة ضد المسؤولين الراونديين والكونغوليين، ما يزيد من أهمية إيجاد حل للصراع، الذي يعود جذوره إلى التداعيات الطويلة للإبادة الجماعية في رواندا عام 1994 والصراع من أجل السيطرة على الموارد المعدنية في الكونغو الديمقراطية.
وتعد ""إم23"" الحركة المدربة والمسلحة بشكل احترافي الأحدث في قائمة طويلة من الحركات المتمردة بقيادة عرقية التوتسي التي ظهرت في شرق الكونغو الديمقراطية المضطرب.
وتقول حكومة الكونغو إن الحركة تعمل بالوكالة لحساب رواندا، وهو ما تنفيه الجماعة المتمردة.
من جانبها، ترفض رواندا الاتهامات بأن آلافا من جنودها يقاتلون إلى جانب ""إم23""، إلا أنها تقول إنها تتصرف دفاعا عن النفس.
في المقابل، تتهم رواندا الجيش الكونغولي بالانضمام إلى الميليشيات التي تقودها عرقية الهوتو والتي تقول إنها عازمة على قتل عرقية التوتسي في الكونغو وتهديد رواندا، ودعت كينشاسا مرارا إلى التفاوض مباشرة مع المتمردين.
فرانس24/ رويترز/ أ ف ب","
                                        خلال قمّة لقادة أفريقيا الجنوبية والشرقية في تنزانيا، دعا الزعماء الأفارقة السبت إلى ""وقف فوري لإطلاق النار"" في شرق جمهورية الكونغو الديمقراطية حيث يشتبك الجيش مع حركة ""إم23"" المسلّحة التي تواصل زحفها في المنطقة. يأتي هذا، فيما يلتقي زعماء تكتلات إقليمية من شرق وجنوب أفريقيا في تنزانيا السبت لبحث إمكانية حل النزاع الدائر في شرق الكونغو الديمقراطية، الذي لا ينفك يتفاقم بعد أن استولت جماعة ""إم23"" التي تقول كينشاسا إنها ""تعمل بالوكالة لحساب رواندا""، على غوما أكبر مدينة في شرق البلاد.                ",https://www.france24.com/ar/%D8%A3%D9%81%D8%B1%D9%8A%D9%82%D9%8A%D8%A7/20250208-%D8%AA%D9%86%D8%B2%D8%A7%D9%86%D9%8A%D8%A7-%D8%AA%D8%AD%D8%AA%D8%B6%D9%86-%D9%82%D9%85%D8%A9-%D9%84%D8%B2%D8%B9%D9%85%D8%A7%D8%A1-%D9%85%D9%86-%D8%B4%D8%B1%D9%82-%D9%88%D8%AC%D9%86%D9%88%D8%A8-%D8%A3%D9%81%D8%B1%D9%8A%D9%82%D9%8A%D8%A7-%D8%AD%D9%88%D9%84-%D8%A7%D9%84%D9%86%D8%B2%D8%A7%D8%B9-%D9%81%D9%8A-%D8%A7%D9%84%D9%83%D9%88%D9%86%D8%BA%D9%88-%D8%A7%D9%84%D8%AF%D9%8A%D9%85%D9%82%D8%B1%D8%A7%D8%B7%D9%8A%D8%A9,https://s.france24.com/media/display/ec69d542-e56f-11ef-9564-005056bf30b7/w:720/p:16x9/2025-02-06T122434Z_1528816277_RC2YOCA1F4HK_RTRMADP_3_CONGO-SECURITY.JPG,No Published Date,أفريقيا
19,France 24,No Author,الجيش السوداني يتقدم نحو وسط الخرطوم ويقترب من القصر الجمهوري,"
قال مصدر عسكري سوداني لوكالة الأنباء الفرنسية، الخميس، إن الجيش اقترب من الوصول إلى وسط العاصمة الخرطوم، بعدما شن هجوما واسعا ضد قوات الدعم السريع المتمركزة في محيط القصر الجمهوري منذ أسابيع.
وأشار المصدر نفسه إلى أن قوات المدرعات تتحرك ""من عدة محاور""، بغية فرض سيطرتها على قلب المدينة، قائلا إن الهدف هو ""طرد ميليشيا ال دقلو""، في إشارة إلى قائد قوات الدعم السريع محمد حمدان دقلو المعروف بـ""حميدتي"".
ويخوض الجيش وقوات الدعم السريع نزاعا بدأ في نيسان/أبريل 2023، وشهدت الأسابيع الأخيرة تصعيدا لافتا مع إطلاق حملة عسكرية مكثفة ترمي إلى استعادة كامل العاصمة.
وأعلن الجيش الأربعاء ""تطهيره"" لحيي الرميلة والمنطقة الصناعية في مركز الخرطوم، وهما منطقتان لا تبعدان أكثر من ثلاثة كيلومترات عن القصر الجمهوري.
وبحسب شهود عيان، يواجه الجيش مقاومة شرسة من قناصة قوات الدعم السريع المتمركزين في مبان عالية، كانت سابقا تشكل محور الأعمال والإدارة الحكومية في الخرطوم. في المقابل، نفى متحدث باسم قوات الدعم السريع صحة التقارير حول تقدم الجيش، متهما السلطات بنشر ""إشاعات"" مماثلة لما سبق أن قيل قبل انسحابات عدة.
كما تحدث شهود عن اشتباكات عند جسر سوبا، وهو أحد المداخل الجنوبية الشرقية للعاصمة. وكان الجيش قد نجح خلال الأسبوع الماضي في كسر حصار طويل فرضته قوات الدعم السريع على مقر قيادته العامة، ليحقق بذلك أكبر إنجاز منذ نحو عام، حينما استعاد السيطرة على أم درمان الملاصقة للعاصمة عبر نهر النيل.
من جهة أخرى، كشف مصدر عسكري أن وحدات قادمة من شرق البلاد باتت قريبة من الالتقاء بقوات متقدمة من ولاية الجزيرة، سعيا لتثبيت مكاسب الجيش في الخرطوم.
ولا تزال المعارك تخلف خسائر بشرية كارثية، إذ تشير الأرقام إلى مقتل عشرات الآلاف ونزوح أكثر من 12 مليون شخص، في ظل انهيار شبه كامل للقطاع الصحي.
وشهدت الأيام القليلة الماضية تصعيدا مكثفا للقصف والقصف المضاد في مناطق عدة من السودان. وذكرت منظمة أطباء بلا حدود أن طواقمها في الخرطوم وغرب دارفور تعاملت مع أعداد كبيرة من الجرحى خلال هذه الفترة. وفي نيالا عاصمة جنوب دارفور، الواقعة تحت سيطرة قوات الدعم السريع، وشهدت مقتل 57 شخصا في يومين، تحدث طبيب عن قصف وقع على مقربة من المستشفى، متسببا بإصابات مروعة.
وتكررت المشاهد نفسها في مستشفى النو في أم درمان الذي تدعمه أطباء بلا حدود، إذ تعرض مرارا للقصف، وفي المستشفى الميداني في مخيم زمزم للنازحين قرب الفاشر في شمال دارفور، الذي يعاني أزمات إنسانية حادة. واعتقلت قوات الدعم السريع الخميس مدير مستشفى بشائر في حي الحزام الجنوبي بالخرطوم، إلى جانب رئيس مطبخ خيري ومتطوع، بحسب غرفة طوارئ محلية تعمل على تفادي المجاعة في جنوب العاصمة.
وتظهر الإحصاءات أن نحو 106 آلاف شخص في الخرطوم يعانون بالفعل من مرحلة المجاعة، فيما وصل 3,2 ملايين آخرين إلى مرحلة حرجة من الجوع، وفقا لتصنيف يدعمه عدد من وكالات الأمم المتحدة. كما تفيد كلية لندن للصحة والطب الاستوائي بأن 26 ألف شخص قضوا في العاصمة وحدها خلال الفترة الممتدة من نيسان/أبريل 2023 إلى حزيران/يونيو 2024.
في ظل هذه الأوضاع، فر 3,6 ملايين من سكان الخرطوم بحثا عن الأمان، وفق إحصاءات أممية، تاركين خلفهم أحياء بأكملها سيطر عليها المسلحون.
فرانس24/ أ ف ب","
                                        يتقدم الجيش السوداني نحو قلب الخرطوم، بعد حملة عسكرية مكثفة على قوات الدعم السريع المتمركزة حول القصر الجمهوري، وسط مقاومة من قناصة في مبان عالية. وأفاد مصدر عسكري بأن قوات المدرعات تتحرك من عدة محاور. في المقابل، نفت قوات الدعم السريع صحة هذه الأنباء. وخلفت الحرب منذ نيسان/أبريل 2023 عشرات الآلاف من القتلى وأكثر من 12 مليون نازح، فيما يعاني القطاع الصحي وضعا كارثيا.                ",https://www.france24.com/ar/%D8%A3%D9%81%D8%B1%D9%8A%D9%82%D9%8A%D8%A7/20250207-%D8%A7%D9%84%D8%AC%D9%8A%D8%B4-%D8%A7%D9%84%D8%B3%D9%88%D8%AF%D8%A7%D9%86%D9%8A-%D8%A7%D9%84%D8%AE%D8%B1%D8%B7%D9%88%D9%85-%D8%A7%D9%84%D9%82%D8%B5%D8%B1-%D8%A7%D9%84%D8%AC%D9%85%D9%87%D9%88%D8%B1%D9%8A,https://s.france24.com/media/display/a6184532-d2d8-11ef-b0e5-005056a97e36/w:720/p:16x9/AFP__20241105__36LK32Z__v2__Preview__TopshotSudanConflict.jpg,No Published Date,أفريقيا
20,France 24,No Author,"كينيا: مجتمع ""سينغوير"" يجبر على مغادرة غابة ""إيمبوبوت"" أرض أجداده",,"
                                                يعد مجتمع ""سينغوير"" أحد المجتمعات الأصلية التي تعيش في غابات كينيا، لكنه الآن مجبر على مغادرة أرض أجداده وهي غابة ""إيمبوبوت""، التي تريد الدولة الكينية استعادتها كمحمية طبيعية وطنية. نزحت مئات العائلات ودمرت منازلهم، وتعرضت حياتهم للتهديد. الحكومة من جهتها تتهم هذا المجتمع بممارسة زراعة أدت إلى تدهور هذه الغابة التي تغذي الانهار الرئيسية في البلاد.مجتمع ""سينغوير"" الأصلي يؤكد أنه عاش على هذه الأرض لأجيال ويجب الاعتراف به كـحام ٍ لـــها. تقرير فرانس 24 أعده للعربية خالد فـلياشـــي                    ",https://www.france24.com/ar/%D8%A8%D8%B1%D8%A7%D9%85%D8%AC/%D9%81%D9%8A-%D8%B9%D9%85%D9%82-%D8%A7%D9%84%D8%AD%D8%AF%D8%AB/20250205-%D9%83%D9%8A%D9%86%D9%8A%D8%A7-%D9%85%D8%AC%D8%AA%D9%85%D8%B9-%D8%B3%D9%8A%D9%86%D8%BA%D9%88%D9%8A%D8%B1-%D9%8A%D8%AC%D8%A8%D8%B1-%D8%B9%D9%84%D9%89-%D9%85%D8%BA%D8%AF%D8%B1%D8%A9-%D8%BA%D8%A7%D8%A8%D8%A9-%D8%A5%D9%8A%D9%85%D8%A8%D9%88%D8%A8%D9%88%D8%AA-%D8%A3%D8%B1%D8%B6-%D8%A3%D8%AC%D8%AF%D8%A7%D8%AF%D9%87,https://s.france24.com/media/display/92caf4d4-e30e-11ef-83d0-005056a90284/w:720/p:16x9/DN184830-A-01-20250129_01.jpg,No Published Date,أفريقيا
21,France 24,No Author,أوغندا تبدأ برنامجا تجريبيا للتطعيم ضد سلالة من فيروس الإيبولا,,"
                                                 قالت منظمة الصحة العالمية إن أوغندا بدأت برنامجا تجريبيا للتطعيم ضد سلالة من فيروس الإيبولا سببت أحدث تفش للمرض في البلاد، فيما ارتفع عدد المؤكد إصابتهم إلى ثلاث حالات.                    ",https://www.france24.com/ar/%D9%81%D9%8A%D8%AF%D9%8A%D9%88/20250204-%D8%A3%D9%88%D8%BA%D9%86%D8%AF%D8%A7-%D9%84%D9%82%D8%A7%D8%AD-%D8%B6%D8%AF-%D9%81%D9%8A%D8%B1%D9%88%D8%B3-%D8%A5%D9%8A%D8%A8%D9%88%D9%84%D8%A7,"https://s.france24.com/media/display/bb81163e-e303-11ef-a60a-005056bfb2b6/w:720/p:16x9/m:{""brand"":""FRANCE24"",""lang"":""AR"",""program"":"""",""cartouche"":""%D8%A3%D9%88%D8%BA%D9%86%D8%AF%D8%A7%20-%20%D9%81%D9%8A%D8%B1%D9%88%D8%B3%20%D8%A7%D9%84%D8%A5%D9%8A%D8%A8%D9%88%D9%84%D8%A7"",""hash"":""7bdfe906d92f1d85e8346cca9deb9d81074a8da563438b7d5792c534edc8e698"",""title"":""%D8%A8%D8%B1%D9%86%D8%A7%D9%85%D8%AC%20%D8%AA%D8%AC%D8%B1%D9%8A%D8%A8%D9%8A%20%D9%84%D9%84%D8%AA%D8%B7%D8%B9%D9%8A%D9%85"",""id"":""bca99d28-8a51-11ec-ae5d-005056bf30b7""}/AR_20250204_144333_144511_CS.jpg",No Published Date,أفريقيا
22,France 24,No Author,السودان: غارات وقصف مدفعي يخلفان 65 قتيلا في مدينتين جنوبي البلاد,"
تصاعدت وتيرة العنف في السودان مع مقتل 65 شخصا على الأقل وإصابة أكثر من 130 آخرين في قصف مدفعي وجوي استهدف مدينتين الإثنين، وسط احتدام القتال بين الجيش وقوات الدعم السريع.
في ولاية جنوب دارفور، أفاد مصدر طبي بمقتل 25 شخصا جراء غارة جوية استهدفت حي السينما في مدينة نيالا، التي تسيطر عليها قوات الدعم السريع منذ اندلاع النزاع في نيسان/أبريل 2023. وأسفر القصف عن إصابة 63 آخرين بجروح.
وتعد قوات الدعم السريع صاحبة النفوذ الأكبر في دارفور، حيث تسيطر على مساحات واسعة تشمل مدينة نيالا الواقعة على بعد 195 كيلومترا من الفاشر، عاصمة ولاية شمال دارفور المحاصرة.
وتعتبر الفاشر آخر معقل للجيش في الإقليم، حيث يعيش نحو مليوني شخص تحت حصار فرضته قوات الدعم السريع منذ أيار/مايو. وشهدت المدينة أعنف المعارك بين الطرفين، مع محاولة الدعم السريع إحكام سيطرتها على المنطقة بالكامل.
في ولاية جنوب كردفان، لقي 40 شخصا على الأقل مصرعهم وأصيب 70 آخرون جراء قصف مدفعي استهدف مدينة كادوقلي. وأفادت مصادر طبية بأن الجرحى توزعوا بين مستشفى المدينة والمستشفى العسكري.
اتهم حاكم الولاية، محمد إبراهيم، حركة ""الشعبية لتحرير السودان-شمال"" بقيادة عبد العزيز الحلو، بتنفيذ الهجوم. وتخوض هذه الحركة المسلحة مواجهات مع الجيش وقوات الدعم السريع منذ اندلاع النزاع في 2023.
تسيطر حركة الحلو على أجزاء من ولايتي جنوب كردفان والنيل الأزرق منذ 2011. ورفض الحلو الانضمام لاتفاق السلام في 2020، مشترطا إعلان السودان دولة علمانية.
أوضح حاكم الولاية أن القصف استهدف سوقا تجارية، معتبرا الهجوم محاولة لزعزعة استقرار المنطقة، وتعهد ""بتطهير الجبال المحيطة بكادوقلي"".
ويشهد السودان منذ نيسان/أبريل 2023 حربا أهلية طاحنة بين الجيش بقيادة عبد الفتاح البرهان وقوات الدعم السريع بقيادة محمد حمدان دقلو ""حميدتي"". ويتهم الطرفان بارتكاب جرائم حرب، بما في ذلك استهداف المدنيين والقصف العشوائي على الأحياء السكنية والأسواق والمستشفيات.
في الأسبوع الماضي، تمكن الجيش من كسر حصار قوات الدعم السريع على مقر قيادته العامة في الخرطوم، وأعلن استعادة مقر سلاح الإشارة وطرد قوات الدعم السريع من مصفاة الجيلي النفطية في الخرطوم بحري.
في المقابل، شنت قوات الدعم السريع قصفا على سوق مزدحم في أم درمان، أسفر عن مقتل 60 شخصا وإصابة أكثر من 150 آخرين. وتعرف الخرطوم بالعاصمة المثلثة، إذ تتألف من الخرطوم وأم درمان والخرطوم بحري.
وأسفرت الحرب عن مقتل عشرات الآلاف وتشريد أكثر من 12 مليون شخص، في حين تضررت البنى التحتية الهشة، ما أدى إلى توقف معظم المرافق الصحية عن العمل.
حذرت وكالة الهجرة التابعة للأمم المتحدة من نزوح أكثر من 600 ألف شخص من شمال دارفور منذ نيسان/أبريل 2024، مشيرة إلى وقوع 95 عملية تهجير، أكثر من نصفها في الفاشر.
وأعرب ستيفان دوجاريك، المتحدث باسم الأمين العام للأمم المتحدة، عن قلقه إزاء تقارير عن إعدامات بإجراءات موجزة نفذها عناصر من الجيش وميليشيات متحالفة معه في الخرطوم بحري، مؤكدا أن العديد من الضحايا ينحدرون من دارفور وكردفان.
ودعا دوجاريك جميع الأطراف إلى وقف القتال والعمل نحو تحقيق سلام دائم، معبرا عن أسفه لأن ""النساء والأطفال والرجال السودانيين يدفعون ثمن استمرار النزاع"".","
                                        لقي 65 شخصا مصرعهم وأصيب أكثر من 130 في قصف استهدف مدينتي نيالا وكادوقلي، وسط احتدام المعارك بين الجيش وقوات الدعم السريع.                ",https://www.france24.com/ar/%D8%A3%D9%81%D8%B1%D9%8A%D9%82%D9%8A%D8%A7/20250204-%D8%A7%D9%84%D8%B3%D9%88%D8%AF%D8%A7%D9%86-%D8%BA%D8%A7%D8%B1%D8%A7%D8%AA-%D9%88%D9%82%D8%B5%D9%81-%D9%85%D8%AF%D9%81%D8%B9%D9%8A-%D9%8A%D8%AE%D9%84%D9%81%D8%A7%D9%86-65-%D9%82%D8%AA%D9%8A%D9%84%D8%A7-%D9%81%D9%8A-%D9%85%D8%AF%D9%8A%D9%86%D8%AA%D9%8A%D9%86-%D8%AC%D9%86%D9%88%D8%A8%D9%8A-%D8%A7%D9%84%D8%A8%D9%84%D8%A7%D8%AF,https://s.france24.com/media/display/84f4e2a8-dc9c-11ee-808a-005056bf30b7/w:720/p:16x9/2024-03-06T115716Z_1869284868_RC2PP0A85722_RTRMADP_3_SUDAN-POLITICS-HUNGER.JPG,No Published Date,أفريقيا
23,France 24,No Author,وضع حرج في غوما والمعارك تمتد إلى مناطق أخرى في الكونغو الديمقراطية,,"
                                                تقدّمت حركة ""إم23"" المتمردة المدعومة من رواندا الجمعة جنوبا في الكونغو الديمقراطية بعد سيطرتها على أكبر مدن شرق البلاد، في معارك أوقعت وفق الأمم المتحدة ما لا يقلّ عن 700 قتيل في أسبوع. وكانت الحركة سيطرت على غالبية أراضي غوما، عاصمة إقليم شمال كيفو في وقت سابق من الأسبوع الحالي، وتعهّدت مواصلة الزحف إلى العاصمة كينشاسا.                     ",https://www.france24.com/ar/%D9%81%D9%8A%D8%AF%D9%8A%D9%88/20250203-%D9%88%D8%B6%D8%B9-%D8%AD%D8%B1%D8%AC-%D9%81%D9%8A-%D8%BA%D9%88%D9%85%D8%A7-%D9%88%D9%86%D8%B2%D9%88%D8%AD-%D9%85%D8%A7%D9%8A%D9%82%D8%B1%D8%A8-%D9%85%D9%86-7-%D9%85%D9%84%D8%A7%D9%8A%D9%8A%D9%86-%D8%B4%D8%AE%D8%B5-%D8%A7%D9%84%D9%83%D9%88%D9%86%D8%BA%D9%88-%D8%A7%D9%84%D8%AF%D9%8A%D9%85%D9%82%D8%B1%D8%A7%D8%B7%D9%8A%D8%A9,"https://s.france24.com/media/display/65a01f60-e21f-11ef-bf0c-005056bfb2b6/w:720/p:16x9/m:{""brand"":""FRANCE24"",""lang"":""AR"",""program"":"""",""cartouche"":""%20%D8%A7%D9%84%D9%83%D9%88%D9%86%D8%BA%D9%88%20%D8%A7%D9%84%D8%AF%D9%8A%D9%85%D9%82%D8%B1%D8%A7%D8%B7%D9%8A%D8%A9"",""hash"":""8fcc458e41804db1bdbd56187870bc9515db1d0f4471475d180033c3cee95eb6"",""title"":""%D8%AA%D9%88%D8%B3%D8%B9%20%D8%AF%D8%A7%D8%A6%D8%B1%D8%A9%20%D8%A7%D9%84%D9%85%D8%B9%D8%A7%D8%B1%D9%83%20%D9%88%D8%A7%D9%84%D9%86%D8%B2%D9%88%D8%AD"",""id"":""bca99d28-8a51-11ec-ae5d-005056bf30b7""}/AR_20250203_111201_111337_CS.jpg",No Published Date,أفريقيا
24,France 24,No Author,"الرئيس تبون يندد بـ""مناخ ضار"" بين الجزائر فرنسا في حوار أجرته معه صحيفة فرنسية",,"
                                                ندّد الرئيس الجزائري عبد المجيد تبون الأحد في مقابلة أجرتها معه صحيفة لوبينيون بـ""مناخ ضار"" بين الجزائر وفرنسا، مشدّدا على وجوب أن يستأنف البلدان الحوار متى عبّر الرئيس الفرنسي إيمانويل ماكرون بوضوح عن رغبة بذلك.                    ",https://www.france24.com/ar/%D9%81%D9%8A%D8%AF%D9%8A%D9%88/20250203-%D8%B5%D8%AD%D9%8A%D9%81%D8%A9-%D9%81%D8%B1%D9%86%D8%B3%D9%8A%D8%A9-%D8%AA%D8%AC%D8%B1%D9%8A-%D8%AD%D9%88%D8%A7%D8%B1%D8%A7-%D9%85%D8%B9-%D8%A7%D9%84%D8%B1%D8%A6%D9%8A%D8%B3-%D8%A7%D9%84%D8%AC%D8%B2%D8%A7%D8%A6%D8%B1%D9%8A-%D8%AA%D8%A8%D9%88%D9%86,"https://s.france24.com/media/display/0b61cf4a-e21e-11ef-9d07-005056bfb2b6/w:720/p:16x9/m:{""brand"":""FRANCE24"",""lang"":""AR"",""program"":"""",""cartouche"":""%D8%A7%D9%84%D8%B9%D9%84%D8%A7%D9%82%D8%A7%D8%AA%20%D8%A7%D9%84%D8%AC%D8%B2%D8%A7%D8%A6%D8%B1%D9%8A%D8%A9%20%D8%A7%D9%84%D9%81%D8%B1%D9%86%D8%B3%D9%8A%D8%A9"",""hash"":""03ca92c865a760783777510bdb660a33839b5243e2fef0ef94938493395a24fd"",""title"":""%D8%A7%D9%84%D8%B1%D8%A6%D9%8A%D8%B3%20%D8%AA%D8%A8%D9%88%D9%86%20%250A%D9%8A%D9%86%D8%AF%D8%AF%20%D8%A8%D9%80%5C%22%D9%85%D9%86%D8%A7%D8%AE%20%D8%B6%D8%A7%D8%B1%5C%22"",""id"":""bca99d28-8a51-11ec-ae5d-005056bf30b7""}/AR_20250203_100639_100821_CS_01.jpg",No Published Date,أفريقيا
25,France 24,No Author,"الضربات الجوية الأمريكية في بونتلاند الصومالية قضت على ""قادة رئيسيين"" في تنظيم ""الدولة الإسلامية""",,No Description,https://www.france24.com/ar/%D8%A3%D9%81%D8%B1%D9%8A%D9%82%D9%8A%D8%A7/20250202-%D8%A7%D9%84%D8%B6%D8%B1%D8%A8%D8%A7%D8%AA-%D8%A7%D9%84%D8%AC%D9%88%D9%8A%D8%A9-%D8%A7%D9%84%D8%A3%D9%85%D8%B1%D9%8A%D9%83%D9%8A%D8%A9-%D9%81%D9%8A-%D8%A8%D9%88%D9%86%D8%AA%D9%84%D8%A7%D9%86%D8%AF-%D8%A7%D9%84%D8%B5%D9%88%D9%85%D8%A7%D9%84%D9%8A%D8%A9-%D9%82%D8%B6%D8%AA-%D8%B9%D9%84%D9%89-%D9%82%D8%A7%D8%AF%D8%A9-%D8%B1%D8%A6%D9%8A%D8%B3%D9%8A%D9%8A%D9%86-%D9%81%D9%8A-%D8%AA%D9%86%D8%B8%D9%8A%D9%85-%D8%A7%D9%84%D8%AF%D9%88%D9%84%D8%A9-%D8%A7%D9%84%D8%A5%D8%B3%D9%84%D8%A7%D9%85%D9%8A%D8%A9,https://s.france24.com/media/display/f2457110-7dea-11eb-8f16-005056bff430/w:720/p:16x9/somalie-_0-1.jpg,No Published Date,أفريقيا
26,France 24,No Author,السودان: أكثر من 54 قتيلا في قصف لقوات الدعم السريع على سوق شعبي في أم درمان,"
أفادت مصادر طبية السبت بمقتل 54 شخصا جراء قصف قوات الدعم السريع سوقا في أم درمان بضواحي العاصمة السودانية الخرطوم.
وقال مصدر في مستشفى النو طالبا عدم كشف هويته، إن الجرحى ""ما زالوا يصلون إلى المستشفى"" بعد الهجوم الذي نسبه إلى قوات الدعم السريع. وأشار إلى أن حصيلة القصف بلغت 54 قتيلا بعدما كان أفاد في وقت سابق بمقتل 40.
وقال أحد الناجين  ""القذائف سقطت في وسط سوق الخضار بصابرين ما يفسّر العدد الكبير من الضحايا والمصابين"". فيما قال أحد المتطوعين في مستشفى النو ""نحتاج إلى أكفان ومتبرعين بالدم ونقالات لنقل الجرحى"".
يعد المستشفى أحد آخر المرافق الطبية التي ما زالت تعمل في المنطقة، وسبق أن تعرّض مرارا لهجمات.
بعد مراوحة استمرت أشهرا في الخرطوم، كسر الجيش الأسبوع الماضي حصارا كانت قوات الدعم السريع تفرضه على مقر قيادته العام في العاصمة السودانية. في الوقت نفسه، أعلن الجيش استعادة مقر سلاح الإشارة وطرد قوات الدعم السريع من مصفاة الجيلي النفطية في شمال الخرطوم.
وقال شهود على هجوم السبت إنّ مصدر القصف كان غرب أم درمان، وهي منطقة لا تزال تحت سيطرة قوات الدعم السريع. وقال أحد سكان قطاع يقع إلى جنوب أم درمان "" تتساقط القذائف الصاروخية والمدفعية""، مشيرا إلى هجوم لقوات الدعم السريع على محاور عدة.
وفي خطاب متلفز نادر، توعد قائد قوات الدعم السريع الجمعة بـ""طرد"" الجيش السوداني من الخرطوم، مقرا للمرة الأولى وبطريقة غير مباشرة بالانتكاسات التي تكبدتها قواته في العاصمة.
قال دقلو إن عناصر الجيش لن يستفيدوا من مقرّ القيادة أو معسكر سلاح الإشارة لفترة طويلة، متعهّدا بـ""طردهم""، كما حصل سابقا.
ويشهد السودان منذ نيسان/أبريل 2023 نزاعا داميا بين الجيش بقيادة عبد الفتاح البرهان وقوّات الدعم السريع بقيادة نائبه السابق محمد حمدان دقلو الملقب ""حميدتي"".
ويواجه طرفا النزاع اتهامات بارتكاب جرائم حرب ولا سيما استهداف مدنيين، وشنّ قصف عشوائي على منازل وأسواق ومستشفيات، وعرقلة دخول المساعدات الإنسانية وتوزيعها.
وأدى النزاع في السودان إلى كارثة إنسانية هائلة مع مقتل عشرات الآلاف ونزوح أكثر من 12 مليون شخص فيما الملايين على حافة المجاعة.
منذ بدء النزاع واستهدافها بالقصف قبل نحو عامين، تحوّلت الخرطوم إلى ما يشبه معسكرا للمقاتلين.
في ولاية الخرطوم قُتل 26 ألف شخص بين نيسان/أبريل 2023 وحزيران/يونيو 2024، وفقا لتقرير صادر عن كلية لندن للصحة والطب الاستوائي.
وأفرغت أحياء بأكملها من السكان واستولى عليها مقاتلون مع فرار 3,6 ملايين شخص من العاصمة، وفقا لأرقام الأمم المتحدة.
وفق شهود تعذرت عليهم المغادرة أو رفضوا أن يغادروا، تعرّضت المناطق السكنية للقصف بانتظام.
يعاني ما لا يقل عن 106 آلاف شخص من المجاعة في العاصمة، وفقا لنظام تصنيف تدعمه وكالات الأمم المتحدة، فيما يعاني 3,2 ملايين من الجوع عند مستويات حرجة.
وفي أنحاء البلد الواقع في شمال شرق إفريقيا، أعلنت المجاعة في خمس مناطق، معظمها في إقليم دارفور في غرب البلاد، ما من شأنه أن يؤثر على خمس مناطق أخرى بحلول أيار/مايو.
قبيل انتهاء ولايته، فرض الرئيس الأمريكي السابق جو بايدن عقوبات على البرهان. واتهمت إدارته الجيش السوداني بشن هجمات على مدارس وأسواق ومستشفيات واستخدام الحرمان من الغذاء سلاحا في الحرب.
جاءت تلك العقوبات بعد نحو أسبوع على فرض واشنطن عقوبات على دقلو الذي اتهمت قواته بـ""ارتكاب إبادة جماعية"" وبممارسة ""انتهاكات صارخة لحقوق الإنسان"" في دارفور حيث تعد قوات الدعم السريع في موقع قوة.
فرانس24/ أ ف ب","
                                        قتل السبت ما لا يقل عن 54 شخصا في قصف شنته قوات الدعم السريع على سوق في مدينة أم درمان التابعة لإقليم العاصمة الخرطوم الكبرى. وبحسب شهود عيان فإن القصف جاء من منطقة غرب أم درمان تسيطر عليها قوات الدعم السريع، في حين تقع معظم أجزاء هذه المدينة تحت سيطرة الجيش السوداني. واشتكى بعض المتطوعين في إسعاف المرضى من نقص الأكفان والمتبرعين بالدم وحمالات نقل المرضى.                  ",https://www.france24.com/ar/%D8%A3%D9%81%D8%B1%D9%8A%D9%82%D9%8A%D8%A7/20250201-%D8%A7%D9%84%D8%B3%D9%88%D8%AF%D8%A7%D9%86-%D8%A3%D9%83%D8%AB%D8%B1-%D9%85%D9%86-54-%D9%82%D8%AA%D9%8A%D9%84%D8%A7-%D9%81%D9%8A-%D9%82%D8%B5%D9%81-%D9%84%D9%82%D9%88%D8%A7%D8%AA-%D8%A7%D9%84%D8%AF%D8%B9%D9%85-%D8%A7%D9%84%D8%B3%D8%B1%D9%8A%D8%B9-%D8%B9%D9%84%D9%89-%D8%B3%D9%88%D9%82-%D8%B4%D8%B9%D8%A8%D9%8A-%D9%81%D9%8A-%D8%A3%D9%85-%D8%AF%D8%B1%D9%85%D8%A7%D9%86,https://s.france24.com/media/display/896afe9a-e0aa-11ef-9829-005056bfb2b6/w:720/p:16x9/000_36UE86C.jpg,No Published Date,أفريقيا
27,France 24,No Author,"الكونغو الديمقراطية: دمار وجثث وضغط على مستشفيات غوما التي يسيطر متمردي ""إم23"" على أجزاء كبيرة منها",,"
                                        أعربت الأمم عن قلقها البالغ من الوضع المتقلب في إقليم جنوب كيفو في شرق الكونغو الديمقراطية، بعد سيطرة متمردي حركة ""إم23"" على مناطق كبيرة من عاصمة الإقليم غوما. فيمت انتشرت مشاهد الدمار والجثث في شوارع المدينة. وتدفق مئات الجرحى على مستشفيات المدينة ما شكل ضغط كبيرا على الكوادر الطبية.                ",https://www.france24.com/ar/%D8%A3%D9%81%D8%B1%D9%8A%D9%82%D9%8A%D8%A7/20250131-%D8%A7%D9%84%D9%83%D9%88%D9%86%D8%BA%D9%88-%D8%A7%D9%84%D8%AF%D9%8A%D9%85%D9%82%D8%B1%D8%A7%D8%B7%D9%8A%D8%A9-%D8%AF%D9%85%D8%A7%D8%B1-%D9%88%D8%AC%D8%AB%D8%AB-%D9%88%D8%B6%D8%BA%D8%B7-%D8%B9%D9%84%D9%89-%D8%A7%D9%84%D9%85%D8%B3%D8%AA%D8%B4%D9%81%D9%8A%D8%A7%D8%AA-%D9%81%D9%8A-%D8%BA%D9%88%D9%85%D8%A7-%D8%A7%D9%84%D9%88%D8%A7%D9%82%D8%B9%D8%A9-%D8%AA%D8%AD%D8%AA-%D8%B3%D9%8A%D8%B7%D8%B1%D8%A9-%D9%85%D8%AA%D9%85%D8%B1%D8%AF%D9%8A-%D8%A5%D9%8523,https://s.france24.com/media/display/b4044e94-dfb1-11ef-87f9-005056a90284/w:720/p:16x9/thumbnail-1117.jpg,No Published Date,أفريقيا
28,France 24,No Author,"حركة ""إم 23"" تسيطر على جزء كبير من غوما ورئيس الكونغو الديمقراطية يندد بالتقاعس الدولي",,"
                                                سيطرت جماعة ""إم 23"" على قسم كبير من غوما العاصمة الإقليمية لشرق جمهورية الكونغو الديمقراطية، وفق ما أكد ممثل رواندا في منطقة البحيرات العظمى الأفريقية فانسان كاريغا لوكالة الأنباء الفرنسية.                    ",https://www.france24.com/ar/%D9%81%D9%8A%D8%AF%D9%8A%D9%88/20250130-%D8%AD%D8%B1%D9%83%D8%A9-%D8%A5%D9%85-23-%D8%AA%D8%B3%D9%8A%D8%B7%D8%B1-%D8%B9%D9%84%D9%89-%D9%83%D8%A7%D9%85%D9%84-%D9%85%D8%AF%D9%8A%D9%86%D8%A9-%D8%BA%D9%88%D9%85%D8%A7-%D8%AA%D9%82%D8%B1%D9%8A%D8%A8%D8%A7-%D9%81%D9%8A-%D8%A7%D9%84%D9%83%D9%88%D9%86%D8%BA%D9%88-%D8%A7%D9%84%D8%AF%D9%8A%D9%85%D9%82%D8%B1%D8%A7%D8%B7%D9%8A%D8%A9,"https://s.france24.com/media/display/e74452d6-df02-11ef-a8bf-005056bfb2b6/w:720/p:16x9/m:{""brand"":""FRANCE24"",""lang"":""AR"",""program"":"""",""cartouche"":""%D8%AC%D9%85%D8%A7%D8%B9%D8%A9%20%5C%22%D8%A5%D9%8523%5C%22%20%D8%AA%D8%B3%D9%8A%D8%B7%D8%B1%20%D8%B9%D9%84%D9%89%20%D8%BA%D9%88%D9%85%D8%A7%D8%9F"",""hash"":""43cf6a1f766ba596cbee4045d89f39e16dbf4fe8a554b68f3f52e413574966d8"",""title"":""%D8%B1%D8%A6%D9%8A%D8%B3%20%D8%A7%D9%84%D9%83%D9%88%D9%86%D8%BA%D9%88%20%D8%A7%D9%84%D8%AF%D9%8A%D9%85%D9%82%D8%B1%D8%A7%D8%B7%D9%8A%D8%A9%20%D9%8A%D9%86%D8%AF%D8%AF%20%D8%A8%D8%A7%D9%84%D8%AA%D9%82%D8%A7%D8%B9%D8%B3%20%D8%A7%D9%84%D8%AF%D9%88%D9%84%D9%8A"",""id"":""93cb941e-cd7c-11ed-a30f-005056bfb2b6""}/capture-1462803079679b6bb7395336.54235345.jpg",No Published Date,أفريقيا
29,France 24,No Author,"رئيس الكونغو الديمقراطية يؤكد أن جيشه ينفذ ""ردا قويا ومنسقا"" ويندد بـ""تقاعس"" المجتمع الدولي","
في خطاب بثه التلفزيون الرسمي، قال رئيس الكونغو الديمقراطية فيليكس تشيسكيدي الأربعاء إن جيشه ينفذ ""ردا قويا ومنسقا ضد هؤلاء الإرهابيين"" في إشارة إلى مقاتلي جماعة ""إم 23""، منددا بـ""تقاعس"" المجتمع الدولي حيال سيطرة المقاتلين على مناطق في شرق البلاد، كما حذر في الوقت نفسه من خطر ""تصعيد"" إقليمي.
وقال تشيسكيدي: ""صمتكم وتقاعسكم (...) إهانة"" لجمهورية الكونغو الديمقراطية، مضيفا أن تقدم المقاتلين المدعومين من رواندا قد يؤدي ""مباشرة إلى تصعيد"" في منطقة البحيرات العظمى.
وكانت وكالة الأنباء الفرنسية قد أوردت أمس الأربعاء، نقلا عن ممثل رواندا في منطقة البحيرات العظمى الأفريقية فانسان كاريغا، أن جماعة ""إم23"" المسلحة ستسيطر على الأرجح على مزيد من الأراضي في شرق جمهورية الكونغو الديمقراطية وستتقدم أكثر في البلاد.
وقال إن جماعة ""إم23"" التي سيطرت على قسم كبير من غوما، العاصمة الإقليمية لشرق جمهورية الكونغو الديمقراطية، ""ستواصل"" التقدم باتجاه إقليم جنوب كيفو.
وأوضح: ""لا يمكن أن تكون غوما خط النهاية وحدها ما لم يتم في غضون ذلك إجراء حوار جيد ومفاوضات مع الحكومة في كينشاسا، وهو أمر أشك في إمكانيته"". ويتهم مراقبون دوليون رواندا بدعم ""إم23"" عسكريا، وهو أمر تنفيه كيغالي.
وشغل كاريغا في الماضي منصب سفير رواندا لدى الكونغو الديمقراطية قبل طرده عام 2022 على خلفية اتهام رواندا بدعم ""إم23"".
ولم تتضح بعد المساحة التي ما زالت تحت سيطرة القوات الكونغولية في غوما مقابل تلك التي سقطت في أيدي جماعة ""إم23"" المدعومة من رواندا والتي أعلنت السيطرة على المدينة الأحد.","
                                        أكد رئيس الكونغو الديمقراطية فيليكس تشيسكيدي الأربعاء في خطاب بثه التلفزيون الرسمي أن جيشه ينفذ ""ردا قويا ومنسقا ضد هؤلاء الإرهابيين"" في إشارة إلى مقاتلي جماعة ""إم 23""، منددا بـ""تقاعس"" المجتمع الدولي حيال سيطرة المقاتلين على مناطق في شرق البلاد، كما حذر في الوقت نفسه من خطر ""تصعيد"" إقليمي.                ",https://www.france24.com/ar/%D8%A3%D9%81%D8%B1%D9%8A%D9%82%D9%8A%D8%A7/20250130-%D8%B1%D8%A6%D9%8A%D8%B3-%D8%A7%D9%84%D9%83%D9%88%D9%86%D8%BA%D9%88-%D8%A7%D9%84%D8%AF%D9%8A%D9%85%D9%82%D8%B1%D8%A7%D8%B7%D9%8A%D8%A9-%D9%8A%D8%A4%D9%83%D8%AF-%D8%A3%D9%86-%D8%AC%D9%8A%D8%B4%D9%87-%D9%8A%D9%86%D9%81%D8%B0-%D8%B1%D8%AF%D8%A7-%D9%82%D9%88%D9%8A%D8%A7-%D9%88%D9%85%D9%86%D8%B3%D9%82%D8%A7-%D9%88%D9%8A%D9%86%D8%AF%D8%AF-%D8%A8%D9%80-%D8%AA%D9%82%D8%A7%D8%B9%D8%B3-%D8%A7%D9%84%D9%85%D8%AC%D8%AA%D9%85%D8%B9-%D8%A7%D9%84%D8%AF%D9%88%D9%84%D9%8A,https://s.france24.com/media/display/30d8567a-de9c-11ef-9d3f-005056bf30b7/w:720/p:16x9/000_36VH424.jpg,No Published Date,أفريقيا
30,France 24,No Author,"مجموعة ""إيكواس"" تبقي أبواب الحوار مفتوحة مع مالي والنيجر وبوركينا فاسو بعد انسحابها رسميا","
نشرت الجماعة الاقتصادية لدول غرب أفريقيا (إيكواس) الأربعاء بيانا تعلن فيه ""إبقاء أبوابها مفتوحة للحوار"" بعد تفعيل مالي و النيجر و بوركينا فاسو، التي تحكمها أنظمة عسكرية انبثقت من انقلابات، رسميا قرارها الثلاثي بمغادرة الجماعة الإقليمية التي بات مستقبلها غير مؤكد.
بلغت القطيعة ذروتها بعد انقلاب النيجر في تموز/يوليو 2023، عندما هددت إيكواس بالتدخل عسكريا لإعادة الرئيس المخلوع إلى منصبه وفرضت عقوبات اقتصادية ثقيلة على نيامي قبل أن ترفعها.
وطلبت إيكواس من الدول الأعضاء فيها وعددها الآن 12 دولة ""الاعتراف حتى إشعار آخر بجوازات السفر وبطاقات الهوية الوطنية التي تحمل شعار إيكواس ويحملها مواطنو"" الدول المنسحبة. وأضاف البيان أن هؤلاء يجب أن يتمكنوا من الاستمرار في ""التمتع، حتى إشعار آخر، بحق التنقل والإقامة والاستقرار دون تأشيرة، وفقا لبروتوكولات إيكواس في هذا الشأن"".
وسيكون من الممكن أيضا أن تستمر تجارة السلع والخدمات بين الدول المنسحبة والدول الأعضاء بموجب القوانين الحالية التي ستبقى سارية حتى اعتماد ""الشروط الكاملة لعلاقاتنا مع الدول الثلاث في المستقبل"".
واتهمت بوركينا فاسو ومالي والنيجر التي شكلت تحالف دول الساحل إيكواس بفرض عقوبات ""غير إنسانية وغير قانونية وغير شرعية"" عليها بعد الانقلابات وبأنها لم تساعدها بما يكفي لمكافحة عنف الجماعات الإسلامية المتطرفة، وبالتبعية لفرنسا.
صارت الدولة الاستعمارية السابقة عدوا مشتركا لهذه المجالس العسكرية التي باتت تفضل إقامة شراكات مع دول مثل روسيا وتركيا وإيران.
وفي المنطقة، بدأت توغو وغانا تطبيع علاقاتهما مع بلدان تحالف دول الساحل. والأسبوع الماضي، عيَّن الرئيس الغاني الجديد جون ماهاما مبعوثا خاصا لدى التحالف هو الضابط السابق في الجيش لاري جبيفلو لارتي.

فرانس24/ أ ف ب","
                                        فعّلت الأنظمة العسكرية في مالي والنيجر وبوركينا فاسو الأربعاء رسميا قرارها بالانسحاب النهائي من تكتل المجموعة الاقتصادية لدول غرب أفريقيا ""إيكواس"" وهو ما يجعل مستقبل التكتل غامضا. ونشرت ""إيكواس"" بيانا تأسف فيه لهذا القرار وتعلن ""إبقاء أبوابها مفتوحة للحوار"" مستقبلا. وطالبت المجموعة الاقتصادية أعضاءها بالإبقاء على سياسة التنقل والإقامة بحرية لمواطني الدول المنسحبة داخل فضاء المجموعة حتى إشعار آخر.                ",https://www.france24.com/ar/%D8%A3%D9%81%D8%B1%D9%8A%D9%82%D9%8A%D8%A7/20250129-%D9%85%D8%AC%D9%85%D9%88%D8%B9%D8%A9-%D8%A5%D9%8A%D9%83%D9%88%D8%A7%D8%B3-%D8%AA%D8%A8%D9%82%D9%8A-%D8%A3%D8%A8%D9%88%D8%A7%D8%A8-%D8%A7%D9%84%D8%AD%D9%88%D8%A7%D8%B1-%D9%85%D9%81%D8%AA%D9%88%D8%AD%D8%A9-%D9%85%D8%B9-%D9%85%D8%A7%D9%84%D9%8A-%D9%88%D8%A7%D9%84%D9%86%D9%8A%D8%AC%D8%B1-%D9%88%D8%A8%D9%88%D8%B1%D9%83%D9%8A%D9%86%D8%A7-%D9%81%D8%A7%D8%B3%D9%88-%D8%A8%D8%B9%D8%AF-%D8%A7%D9%86%D8%B3%D8%AD%D8%A7%D8%A8%D9%87%D8%A7-%D8%B1%D8%B3%D9%85%D9%8A%D8%A7,https://s.france24.com/media/display/3080457e-d408-11ee-a374-005056bfb2b6/w:720/p:16x9/000_34K76WP.jpg,No Published Date,أفريقيا
31,France 24,No Author,"ضيفة اليوم: ""الصراع في الكونغو عرقي قديم مع مطامع في السيطرة على مناجم الألماس""",,"
                                                في خضم الأزمة التي تشهدها مدينة غوما شرقي الكونغو الديمقراطية وتقدم قوات ""أم23"" المدعومة من راوندا ومن وراء الصراع العرقي القديم المتجدد بين راواندا والكونغو الديمقراطية، تقول الدكتورة هبة البشبيشي أستاذة الدراسات الأفريقية في جامعة القاهرة أن الدواعي غير المعلنة للصراع هي الرغبة في السيطرة على مناجم الماس التي تم اكتشافها حديثا في الكونجو الديمقراطية مما قد يوسع النزاع بطريقة أو بأخرى ليتحول إلى حرب باردة بين أطراف إقليمية أهما روسيا والولايات المتحدة الأمريكية. حاورتها رامتان عوايطية                    ",https://www.france24.com/ar/%D8%A8%D8%B1%D8%A7%D9%85%D8%AC/%D8%B6%D9%8A%D9%81-%D8%A7%D9%84%D9%8A%D9%88%D9%85/20250129-%D8%B6%D9%8A%D9%81%D8%A9-%D8%A7%D9%84%D9%8A%D9%88%D9%85-%D8%A7%D9%84%D8%B5%D8%B1%D8%A7%D8%B9-%D9%81%D9%8A-%D8%A7%D9%84%D9%83%D9%88%D9%86%D8%AC%D9%88%D8%B9%D8%B1%D9%82%D9%8A-%D9%82%D8%AF%D9%8A%D9%85-%D9%85%D8%B9-%D9%85%D8%B7%D8%A7%D9%85%D8%B9-%D9%81%D9%8A-%D8%A7%D9%84%D8%B3%D9%8A%D8%B7%D8%B1%D8%A9-%D8%B9%D9%84%D9%89-%D9%85%D9%86%D8%A7%D8%AC%D9%85-%D8%A7%D9%84%D8%A3%D9%84%D9%85%D8%A7%D8%B3,https://s.france24.com/media/display/306671b8-de4c-11ef-a49d-005056bf30b7/w:720/p:16x9/AR_20250129_143401_144211_CS_01.jpg,No Published Date,أفريقيا
32,France 24,No Author,"ضيفة اليوم: ""الصراع في الكونغو عرقي قديم مع مطامع في السيطرة على مناجم الألماس""",,"
                                                في خضم الأزمة التي تشهدها مدينة غوما شرقي الكونغو الديمقراطية وتقدم قوات ""أم23"" المدعومة من راوندا ومن وراء الصراع العرقي القديم المتجدد بين راواندا والكونغو الديمقراطية، تقول الدكتورة هبة البشبيشي أستاذة الدراسات الأفريقية في جامعة القاهرة أن الدواعي غير المعلنة للصراع هي الرغبة في السيطرة على مناجم الماس التي تم اكتشافها حديثا في الكونجو الديمقراطية مما قد يوسع النزاع بطريقة أو بأخرى ليتحول إلى حرب باردة بين أطراف إقليمية أهما روسيا والولايات المتحدة الأمريكية. حاورتها رامتان عوايطية                    ",https://www.france24.com/ar/%D9%81%D9%8A%D8%AF%D9%8A%D9%88/20250129-%D8%B6%D9%8A%D9%81-%D8%A7%D9%84%D9%8A%D9%88%D9%85,"https://s.france24.com/media/display/306671b8-de4c-11ef-a49d-005056bf30b7/w:720/p:16x9/m:{""brand"":""FRANCE24"",""lang"":""AR"",""program"":"""",""cartouche"":""%D9%81%D9%8A%20%D8%A7%D9%84%D9%83%D9%88%D9%86%D8%BA%D9%88%20%D8%A7%D9%84%D8%AF%D9%8A%D9%85%D9%82%D8%B1%D8%A7%D8%B7%D9%8A%D8%A9"",""hash"":""0cf9547cee751f613e86cd031f3dc7ba87acffba8e3b32228a42a6f8f779d119"",""title"":""%5C%22%D8%A7%D9%84%D8%B5%D8%B1%D8%A7%D8%B9%20%D8%B9%D9%84%D9%89%20%250A%D9%85%D9%86%D8%A7%D8%AC%D9%85%20%D8%A7%D9%84%D8%A3%D9%84%D9%85%D8%A7%D8%B3%5C%22"",""id"":""bca99d28-8a51-11ec-ae5d-005056bf30b7""}/AR_20250129_143401_144211_CS_01.jpg",No Published Date,أفريقيا
33,France 24,No Author,"الكونغو الديمقراطية: جماعة ""إم 23"" تسيطر على قسم كبير من مدينة غوما","
أوردت وكالة الأنباء الفرنسية نقلا عن ممثل رواندا في منطقة البحيرات العظمى الأفريقية فانسان كاريغا الأربعاء أن جماعة ""إم23"" المسلحة ستسيطر على الأرجح على مزيد من الأراضي في شرق جمهورية الكونغو الديمقراطية وستتقدم أكثر في البلاد.
وقال إن جماعة ""إم23"" التي سيطرت على قسم كبير من غوما، العاصمة الإقليمية لشرق جمهورية الكونغو الديموقراطية، ""ستواصل"" التقدم باتجاه إقليم جنوب كيفو.
وأوضح: ""لا يمكن أن تكون غوما خط النهاية وحدها ما لم يتم في غضون ذلك إجراء حوار جيد ومفاوضات مع الحكومة في كينشاسا، وهو أمر أشك في إمكانيته"". ويتهم مراقبون دوليون رواندا بدعم ""إم23"" عسكريا، وهو أمر تنفيه كيغالي.
وشغل كاريغا في الماضي منصب سفير رواندا لدى الكونغو الديمقراطية قبل طرده عام 2022 على خلفية اتهام رواندا بدعم ""إم23"".
ولم تتضح بعد المساحة التي ما زالت تحت سيطرة القوات الكونغولية في غوما مقابل تلك التي سقطت في أيدي جماعة ""إم23"" المدعومة من رواندا والتي أعلنت السيطرة على المدينة الأحد.
وأعلنت وكالة الأنباء الكونغولية الرسمية الأربعاء أن رئيس البلاد فيليكس تشيسكيدي لن يحضر اجتماعا مقررا الأربعاء مع نظيره الرواندي بول كاغامي لبحث أزمة غوما.
وأفادت وكالة الأنباء الكونغولية الأربعاء بأن ""رئيس جمهورية الكونغو الديمقراطية فيليكس تشيسكيدي لن يشارك في القمة عبر الإنترنت لرؤساء دول مجموعة شرق أفريقيا"".
وكانت إذاعة فرنسا الدولية قد نقلت عن خلية التواصل لتشيسكيدي أن هذا الأخير ""لم يخطط للمشاركة في الاجتماع"". كما نقلت الإذاعة عن مسؤول رواندي أنه في حال غياب الأطراف المعنية فلا داعي لأن تحضر بلاده الاجتماع.
وترجح بعض المصادر أن مطار مدينة غوما بدروه بات تحت سيطرة جماعة ""إم 23"" وعسكريين روانديين بعد أيام من الاشتباكات العنيفة التي أدت إلى مقتل أكثر من مئة شخص وإصابة حوالي ألف بجروح، بحسب تعداد أجرته وكالة الأنباء الفرنسية، يستند إلى الأرقام الواردة من المستشفيات المكتظة في المدينة الواقعة في شرق الكونغو الديمقراطية.
وضغط وزير الخارجية الأمريكي ماركو روبيو على كاغامي من أجل وقف القتال فورا في اتصال وصفه الرئيس الرواندي الأربعاء بـ""المثمر"".
وفي الجانب الآخر من البلاد الممتدة على مساحة تعادل تقريبا مساحة غرب أوروبا، هاجم متظاهرون في العاصمة كينشاسا سفارات العديد من الدول، احتجاجا على عدم تدخلها لإيقاف الفوضى في الشرق.
وكانت سفارات فرنسا وبلجيكا والولايات المتحدة وكينيا وأوغندا وجنوب أفريقيا من بين تلك التي تعرضت لهجمات إذ أحرق متظاهرون الإطارات خارج عدد منها. كما هاجم المحتجون السفارة الرواندية في كينشاسا.
ودعت السفارة الأمريكية مواطنيها لمغادرة البلاد بعد الهجمات التي وصفتها مسؤولة الشؤون الخارجية في الاتحاد الأوروبي كايا كالاس بأنها ""غير مقبولة"" و""مقلقة للغاية"".
وأفادت اللجنة الدولية للصليب الأحمر بأنها تحاول جاهدة المساعدة على الاستجابة للتدفق الكبير للجرحى إلى مستشفيات غوما التي ""تعاني ضغطا"" محذرة من أن بعض المرضى ""مستلقين على الأرض بسبب نقص المساحة"".
كما حذرت من ""تداعيات لا يمكن تخيلها"" في حال تسرب عينات من إيبولا وغيرها من الجراثيم الموجودة في مختبر محلي جراء القتال.
وأجبر العنف في إقليم شمال كيفو في محيط غوما حوالى نصف مليون شخص على ترك منازلهم منذ مطلع العام، بحسب مفوضية الأمم المتحدة السامية لشؤون اللاجئين.
وقتل 17 عنصرا لحفظ السلام التابعين لقوة إقليمية إفريقية وبعثة الأمم المتحدة في الكونغو الديمقراطية منذ بدأت المعارك.
","
                                        سيطرت جماعة ""إم 23"" على قسم كبير من غوما العاصمة الإقليمية لشرق جمهورية الكونغو الديمقراطية، وفق ما أكد ممثل رواندا في منطقة البحيرات العظمى الأفريقية فانسان كاريغا لوكالة الأنباء الفرنسية، مؤكدا أن الجماعة ""ستواصل"" التقدم باتجاه إقليم جنوب كيفو. وفي وقت سابق، قالت وكالة الأنباء الكونغولية إن رئيس البلاد فيليكس تشيسكيدي ""لن يشارك"" في قمة مرتقب عقدها الأربعاء مع نظيره الرواندي بول كاغامي لبحث الأزمة.                ",https://www.france24.com/ar/%D8%A3%D9%81%D8%B1%D9%8A%D9%82%D9%8A%D8%A7/20250129-%D8%B1%D8%A6%D9%8A%D8%B3-%D8%A7%D9%84%D9%83%D9%88%D9%86%D8%BA%D9%88-%D8%A7%D9%84%D8%AF%D9%8A%D9%85%D9%82%D8%B1%D8%A7%D8%B7%D9%8A%D8%A9-%D9%84%D9%86-%D9%8A%D8%B4%D8%A7%D8%B1%D9%83-%D9%81%D9%8A-%D9%82%D9%85%D8%A9-%D9%84%D8%A8%D8%AD%D8%AB-%D8%A3%D8%B2%D9%85%D8%A9-%D8%BA%D9%88%D9%85%D8%A7-%D9%85%D8%B9-%D9%86%D8%B8%D9%8A%D8%B1%D9%87-%D8%A7%D9%84%D8%B1%D9%88%D8%A7%D9%86%D8%AF%D9%8A,https://s.france24.com/media/display/7f582a18-dd9e-11ef-a772-005056a90284/w:720/p:16x9/c2fdfe929f2fa1ac31c581b593d5ff1a9097c069.jpg,No Published Date,أفريقيا
