source,title,description,url,image_url,published_at,tags
Sky News Arabic,روبيو:لقاء ترامب وبوتين بعد التقدم باتجاه إنهاء حرب أوكرانيا,حدد وزير الخارجية الأميركي ماركو روبيو، أمس الخميس، الموعد المحتكل لعقد اجتماع بين الرئيسين الأميركي دونالد ترامب والروسي فلاديمير بوتين.,https://www.skynewsarabia.com/world/1778723,/v1/2025/02/15/1777324/800/450/1-1777324.jpg,2025-02-21T05:14:53Z,['أزمة أوكرانيا']
Sky News Arabic,رسوم ترامب على الألومنيوم ستشمل 123 منتجا منها معدات الرقائق,ذكرت صحيفة نيكي الخميس أن الرسوم الجمركية الأمريكية الإضافية على الألومنيوم والتي من المقرر أن تدخل حيز التنفيذ في 12 مارس ستغطي 123 منتجا منها أجزاء معدات تصنيع الرقائق ومكونات الطائرات، في ضربة محتملة للشركات اليابانية التي تعتمد على الصادرات إلى أميركا.,https://www.snabusiness.com/article/1778709,/v1/2025/02/21/1778708/800/450/1-1778708.jpg,2025-02-21T05:08:48Z,['أخبار أميركا']
Sky News Arabic,إيران وإسرائيل.. تصعيد متزايد يهدد استقرار المنطقة,تشهد منطقة الشرق الأوسط توتراً غير مسبوق مع تصاعد التهديدات الإيرانية برد واسع في حال تعرضها لهجوم عسكري، في ظل تقارير استخباراتية تشير إلى استعدادات إسرائيلية لتنفيذ ضربات جوية تستهدف منشآت طهران النووية.,https://www.skynewsarabia.com/world/1778702,/v1/2025/02/21/1778700/800/450/1-1778700.jpeg,2025-02-21T04:42:20Z,['أخبار إيران']
Sky News Arabic,"بكين تقول إن ""نافذة للسلام"" تُفتح في أوكرانيا","قال وزير الخارجية الصيني وانغ يي لنظرائه في مجموعة العشرين إن ""نافذة للسلام"" تُفتح في أوكرانيا.",https://www.skynewsarabia.com/world/1778705,/v1/2024/02/20/1694471/800/450/1-1694471.jpg,2025-02-21T04:38:55Z,['أزمة أوكرانيا']
Sky News Arabic,الأمم المتّحدة: تعافي اقتصاد سوريا قد يستغرق 50 عاما,اعتبرت الأمم المتّحدة أنّ الاقتصاد السوري بحاجة لـ55 عاما للعودة إلى المستوى الذي كان عليه في 2010 قبل اندلاع النزاع إذا ما واصل النمو بالوتيرة الحالية، مناشدة الأسرة الدولية الاستثمار بقوة في هذا البلد لتسريع عجلة النمو.,https://www.snabusiness.com/article/1778703,/v1/2025/02/21/1778701/800/450/1-1778701.jpg,2025-02-21T04:37:12Z,['أخبار سوريا']
Sky News Arabic,الدولار يتجه لتسجيل انخفاض للأسبوع الثالث على التوالي,سجل الين الياباني أعلى مستوى له في شهرين ونصف الشهر، خلال تعاملات الجمعة المبكرة، على خلفية قفزة سجلها التضخم باليابان، في حين يتجه الدولار لتسجيل انخفاض للأسبوع الثالث على التوالي بعدما أصبح المتعاملون يعتقدون بشكل متزايد أن الحديث الصاخب عن الرسوم الجمركية في مستهل الولاية الثانية لدونالد ترامب لم يكن في الغالب إلا محض تهديدات.,https://www.snabusiness.com/article/1778699,/v1/2024/04/05/1704927/800/450/1-1704927.jpg,2025-02-21T04:21:06Z,['عملات']
Sky News Arabic,سوق تاريخي في غزة يتحول إلى مكب للنفايات بعد تدميره,حولت الحرب في قطاع غزة، والتي اندلعت في أكتوبر عام 2023، أحد أشهر وأقدم أسواق مدينة غزة إلى مكب لأطنان من النفايات بعد تعرضه للقصف أكثر من مرة خلال الحرب.,https://www.skynewsarabia.com/middle-east/1778694,/v1/2025/02/21/1778690/800/450/1-1778690.jpeg,2025-02-21T04:15:27Z,['أخبار إسرائيل']
Sky News Arabic,جنون الذهب.. سرّ الارتفاع الصاروخي ومن المستفيد الأكبر؟,سجلت أسعار الذهب ارتفاعًا تاريخيًا تجاوز 2950 دولارًا للأونصة، ما يعادل زيادة بنسبة 11 بالمئة منذ بداية العام، أي ارتفاعًا بقيمة 300 دولار خلال أقل من شهرين. ويبدو أن الاتجاه الصاعد مستمر، مدفوعًا بعدة عوامل أبرزها رسوم ترامب الجمركية، والطلب القوي من البنوك المركزية، وانخفاض احتياطيات الذهب في باطن الأرض.,https://www.snabusiness.com/article/1778696,/v1/2025/02/21/1778695/800/450/1-1778695.JPG,2025-02-21T04:10:49Z,['ذهب']
Sky News Arabic,النفط يتجه لتسجيل مكاسب أسبوعية بنحو 3%,واصلت أسعار النفط مكاسبها، في تعاملات الجمعة المبكرة، وتتجه لتسجيل ارتفاع أسبوعي وسط تزايد التوقعات بطلب قوي في الولايات المتحدة بعد بيانات أظهرت انخفاض مخزونات البنزين ونواتج التقطير، كما تلقت الأسعار دعما من المخاوف من اضطراب الإمدادات الروسية.,https://www.snabusiness.com/article/1778689,/v1/2024/04/10/1705735/800/450/1-1705735.jpg,2025-02-21T03:53:27Z,['نفط']
Sky News Arabic,التضخم الأساسي في اليابان يسجل أعلى مستوى في 19 شهرا,ارتفع التضخم الأساسي لأسعار المستهلكين في اليابان إلى 3.2 بالمئة في يناير بما يمثل أسرع وتيرة في 19 شهرا، مما يعزز التوقعات بأن يواصل بنك اليابان المركزي رفع أسعار الفائدة من المستويات التي لا تزال منخفضة، بحسب ما أظهرت بيانات صدرت في وقت مبكر من الجمعة.,https://www.snabusiness.com/article/1778688,/v1/2023/11/24/1672578/800/450/1-1672578.jpg,2025-02-21T03:35:15Z,['اقتصاد عالمي']
Sky News Arabic,"مستشار أميركي: إحباط ترامب من زيلينسكي ""متعدد الجوانب""",قال مستشار الأمن القومي في البيت الأبيض، مايك والتز، الخميس، إن تصاعد انتقادات الرئيس دونالد ترامب الحادة للرئيس الأوكراني فولوديمير زيلينسكي يعكس تزايد إحباط الإدارة الأميركية مما تراه عقبات يضعها زيلينسكي أمام إيجاد مخرج نهائي للحرب في أوكرانيا.,https://www.skynewsarabia.com/world/1778687,/v1/2025/02/21/1778685/800/450/1-1778685.jpg,2025-02-21T03:32:45Z,['أزمة أوكرانيا']
Sky News Arabic,مصر تقرر تثبيت الفائدة للمرة السابعة على التوالي,قررت لجنة السياسات النقدية بالبنك المركزي المصري في أول اجتماعاتها لتحديد سعر الفائدة في 2025 مساء الخميس الإبقاء على أسعار الفائدة دون تغيير، وذلك للمرة السابعة على التوالي.,https://www.snabusiness.com/article/1778684,/v1/2024/03/06/1697962/800/450/1-1697962.jpg,2025-02-21T03:16:05Z,['البنوك']
Sky News Arabic,المتهم بطعن سلمان رشدي يرفض تقديم إفادته,رفض المتهم بطعن الكاتب سلمان رشدي عام 2022، تقديم إفادته للدفاع عن نفسه، الخميس، بينما أنهى محامو الدفاع تقديم دفوعهم من دون استدعاء أي شهود.,https://www.skynewsarabia.com/varieties/1778683,/v1/2025/02/21/1778682/800/450/1-1778682.jpg,2025-02-21T02:53:12Z,['جرائم']
Sky News Arabic,"بعد إعلان إسرائيل.. أول تعليق أميركي على ""الجثة المجهولة""","أصدر مسؤول أميركي بارز تحذيرا شديد اللهجة لحماس، بعد أن أعلن الجيش الإسرائيلي أن الحركة أطلقت سراح ""جثة مجهولة الهوية""، وليست جثة رهينة إسرائيلية.",https://www.skynewsarabia.com/middle-east/1778681,/v1/2025/02/21/1778680/800/450/1-1778680.jpg,2025-02-21T02:20:23Z,['أخبار إسرائيل']
Sky News Arabic,500 مليار دولار.. واشنطن تطالب بنصف ثروة أوكرانيا المعدنية,"قال مستشار الأمن القومي الأميركي مايك والتز، إن على الرئيس الأوكراني فولوديمير زيلينسكي أن يخفف انتقاداته للولايات المتحدة، ويلقي نظرة فاحصة على صفقة تسليم ""نصف ثروة بلاده المعدنية لواشنطن"".",https://www.skynewsarabia.com/world/1778679,/v1/2025/02/21/1778678/800/450/1-1778678.jpg,2025-02-21T01:53:18Z,['أزمة أوكرانيا']
Sky News Arabic,فيديو.. معركة في المدرجات توقف مباراة بالدوري الأوروبي,توقفت مباراة أندرلخت البلجيكي مع ضيفه فنربخشه التركي، الخميس، في إياب الملحق المؤهل لمرحلة خروج المغلوب ببطولة الدوري الأوروبي، لفترة وجيزة بسبب شغب الجماهير.,https://www.skynewsarabia.com/sport/1778676,/v1/2025/02/21/1778675/800/450/1-1778675.jpg,2025-02-21T01:11:24Z,['كرة قدم أوروبية']
Sky News Arabic,إسرائيل تعلن قصف معابر بين سوريا ولبنان,أعلن الجيش الإسرائيلي، فجر الجمعة، أنه قصف معابر بين سوريا ولبنان، قال إن حزب الله يستخدمها.,https://www.skynewsarabia.com/middle-east/1778663,/v1/2025/02/21/1778662/800/450/1-1778662.jpg,2025-02-20T22:31:34Z,['أخبار إسرائيل']
Sky News Arabic,الجيش الإسرائيلي يقتحم مخيمات في الضفة ويدفع 3 كتائب إضافية,"أعلن الجيش الإسرائيلي في الساعات الأولى من صباح الجمعة، تعزيز القيادة الوسطى العسكرية بثلاث كتائب إضافية، وذلك ""بناء على تقييم الوضع الأمني"".",https://www.skynewsarabia.com/middle-east/1778673,/v1/2020/07/16/1361638/800/450/1-1361638.jpg,2025-02-21T00:44:21Z,['أخبار إسرائيل']
Sky News Arabic,إسرائيل: إطلاق الرهائن السبت سيجري كما هو مخطط له,أعلن الجيش الإسرائيلي في وقت مبكر من صباح الجمعة، أنه من المتوقع أن تستمر عملية إطلاق سراح الرهائن المقررة السبت كما هو مخطط لها.,https://www.skynewsarabia.com/middle-east/1778670,/v1/2025/02/21/1778669/800/450/1-1778669.jpg,2025-02-21T00:10:43Z,['أخبار إسرائيل']
Sky News Arabic,"""مجهولة الهوية"".. الجيش الإسرائيلي يتحدث عن جثة سلمتها حماس","أعلن الجيش الإسرائيلي في وقت مبكر من صباح الجمعة، أن جثة رهينة تسلمها من حماس الخميس يفترض أنها لشيري بيباس ""لا تعود لها"".",https://www.skynewsarabia.com/middle-east/1778667,/v1/2025/02/21/1778666/800/450/1-1778666.jpg,2025-02-20T23:35:15Z,['أخبار إسرائيل']
Sky News Arabic,الجيش الإسرائيلي يعلن إغلاق مداخل للضفة الغربية,أعلن الجيش الإسرائيلي، ليل الخميس، إعلاق مداخل للضفة الغربية المحتلة، بعد حادث العبوات الناسفة التي انفجرت داخل حافلات فارغة في تل أبيب.,https://www.skynewsarabia.com/middle-east/1778660,/v1/2025/02/21/1778659/800/450/1-1778659.jpg,2025-02-20T22:06:02Z,['أخبار إسرائيل']
Sky News Arabic,"بعد تفجيرات الحافلات.. نتنياهو وكاتس ""يتوعدان الضفة""",توعد رئيس الوزراء الإسرائيلي بنيامين نتنياهو ووزير الدفاع يسرائيل كاتس، بشن عمليات عسكرية أكبر في الضفة الغربية المحتلة، بعد تفجيرات الحافلات التي شهدتها تل أبيب ليل الخميس.,https://www.skynewsarabia.com/middle-east/1778657,/v1/2025/02/21/1778656/800/450/1-1778656.jpg,2025-02-20T21:06:45Z,['أخبار إسرائيل']
Sky News Arabic,"أول رد فعل من نتنياهو على ""تفجيرات الحافلات""",أعلن مكتب رئيس الوزراء الإسرائيلي بنيامين نتنياهو، ليل الخميس، أنه يتلقى تحديثات عن أحداث العبوات الناسفة في منطقة تل أبيب.,https://www.skynewsarabia.com/middle-east/1778651,/v1/2025/02/21/1778652/800/450/1-1778652.jpg,2025-02-20T20:46:02Z,['أخبار إسرائيل']
Sky News Arabic,"رسالة بالعربية على ""قنابل حافلات"" تل أبيب وكشف موعد التفجير","كشف مصدر أمني لموقع ""واللا"" الإسرائيلي، أن العبوات الناسفة التي انفجرت في عدد من الحافلات بجنوبي تل أبيب كان موعدها مقررا صباح غد الجمعة.",https://www.skynewsarabia.com/middle-east/1778649,/v1/2025/02/21/1778648/800/450/1-1778648.png,2025-02-20T20:43:41Z,['أخبار إسرائيل']
Sky News Arabic,العثور على عبوة ناسفة أخرى داخل حافلة قرب تل أبيب,أفادت وسائل إعلام إسرائيلية، ليل الخميس، بالعثور على عبوة ناسفة أخرى داخل حافلة في مدينة حولون قرب تل أبيب، إلا أنها لم تنفجر.,https://www.skynewsarabia.com/middle-east/1778647,/v1/2025/02/21/1778646/800/450/1-1778646.jpg,2025-02-20T20:33:43Z,['أخبار إسرائيل']
Sky News Arabic,فيديو.. انفجار حافلات جنوبي تل أبيب,أعلنت الشرطة الإسرائيلية، الخميس، عن انفجار 3 عبوات داخل حافلات فارغة في تل أبيب، بينما تعمل على تفكيك اثنتين أخريين.,https://www.skynewsarabia.com/middle-east/1778633,/v1/2025/02/20/1778631/800/450/1-1778631.png,2025-02-20T19:50:11Z,['أخبار إسرائيل']
Sky News Arabic,"فيديو.. كاميرات ترصد المشتبه به في ""تفجير الحافلات"" بتل أبيب",نشرت وسائل إعلام إسرائيلية لقطات كاميرات المراقبة للمشتبه به المتورط في التفجيرات التي وقعت في بات يام بإسرائيل.,https://www.skynewsarabia.com/middle-east/1778642,/v1/2025/02/21/1778638/800/450/1-1778638.png,2025-02-20T20:11:17Z,['أخبار إسرائيل']
Sky News Arabic,ماكرون ينصح ترامب قبل لقاء بوتين: لا تكن ضعيفا,قال الرئيس الفرنسي إيمانويل ماكرون، الخميس، إنه سيتوجه إلى واشنطن لمحاولة إقناع نظيره الأميركي دونالد ترامب بأن مصالحه تتوافق مع مصالح حلفائه الأوروبيين وأن إظهار أي ضعف أمام الرئيس الروسي فلاديمير بوتين سيجعل التعامل مع الصين وإيران أكثر صعوبة.,https://www.skynewsarabia.com/world/1778616,/v1/2025/02/20/1778610/800/450/1-1778610.jpg,2025-02-20T20:08:12Z,['أخبار أميركا']
Sky News Arabic,مخاوف من العدوى.. مرضى بجدري القرود يفرون من شرقي الكونغو,أصدر جان كاسيا رئيس المراكز الإفريقية للسيطرة على الأمراض والوقاية منها تحذيرا شديدا، يوم الخميس، بشأن اتساع نطاق التفشي الحالي لفيروس جدري القرود (إمبوكس) في جمهورية الكونغو الديمقراطية.,https://www.skynewsarabia.com/world/1778629,/v1/2025/02/20/1778636/800/450/1-1778636.jpg,2025-02-20T19:57:56Z,['أخبار العالم']
Sky News Arabic,"المغرب.. الكشف عن مكان الأسلحة السري لخلية ""داعش""","مكن البحث الميداني الذي قام به الأمن المغربي على خلفية تفكيك خلية إرهابية تابعة لتنظيم ""داعش"" بمنطقة الساحل من رصد معلومات بشأن وجود منطقة جبلية، يشتبه في تسخيرها كقاعدة خلفية للدعم اللوجيستيكي بالأسلحة والذخيرة الموجهة لأعضاء الخلية من أجل تنفيذ مخططاتها الإرهابية.",https://www.skynewsarabia.com/middle-east/1778630,/v1/2025/02/20/1778628/800/450/1-1778628.png,2025-02-20T19:52:04Z,['أخبار المغرب']
Sky News Arabic,أميركا ترفض تبني مشروع قرار أممي يدعم أوكرانيا,أفادت رويترز نقلا عن ثلاثة صادر دبلوماسية بأن الولايات المتحدة ترفض المشاركة في تبني مشروع قرار في الأمم المتحدة بمناسبة مرور ثلاث سنوات على بداية الهجوم الروسي على أوكرانيا، يدعم وحدة أراضي كييف ويدين موسكو، وذلك في تحول واضح محتمل من جانب أقوى حليف غربي لأوكرانيا.,https://www.skynewsarabia.com/middle-east/1778623,/v1/2023/09/20/1654556/800/450/1-1654556.jpg,2025-02-20T19:12:14Z,['أخبار أميركا']
Sky News Arabic,"لإظهار القوة.. قاذفات ""بي 52"" الأميركية تنفذ مهمة في المنطقة",نفذت القيادة المركزية الأميركية، اليوم الخميس، مهمة ثانية لقوة القاذفات في منطقة الشرق الأوسط.,https://www.skynewsarabia.com/middle-east/1778620,/v1/2025/02/20/1778619/800/450/1-1778619.png,2025-02-20T19:09:10Z,['شرق أوسط']
Sky News Arabic,ويتكوف: خطة ترامب في غزة لا تهدف إلى تهجير الفلسطينيين,قال المبعوث الأمريكي إلى الشرق الأوسط ستيف ويتكوف، اليوم الخميس، إن خطة الرئيس دونالد ترامب لغزة لا تهدف إلى تهجير الفلسطينيين، وإن الحديث عن مستقبل غزة يتحول نحو كيفية إيجاد مستقبل أفضل للفلسطينيين.,https://www.skynewsarabia.com/middle-east/1778604,/v1/2025/02/20/1778603/800/450/1-1778603.jpg,2025-02-20T18:47:21Z,['أخبار فلسطين']
Sky News Arabic,عكس التقليد.. أين اختار البابا فرنسيس مكان قبره؟,تزايدت التكهنات حول مكان دفن البابا فرنسيس بعد التقارير التي أفادت بأن الفاتيكان بدأ في التدرب على أسوأ سيناريو في ظل تصاعد القلق بشأن صحته.,https://www.skynewsarabia.com/world/1778555,/v1/2025/02/20/1778552/800/450/1-1778552.jpg,2025-02-20T17:55:56Z,['أخبار العالم']
Sky News Arabic,دراسة: الفطر سلاح فعال ضد الإنفلونزا,أظهرت دراسة حديثة أن الفطر الذي يُستخدم في العديد من الأطباق، قد يحمل في طياته فوائد صحية غير متوقعة.,https://www.skynewsarabia.com/technology/1778600,/v1/2025/02/20/1778597/800/450/1-1778597.jpg,2025-02-20T17:54:40Z,['صحة']
Sky News Arabic,"دورة دبي.. أمر تقييد على رجل ""مهووس"" اقترب من رادوكانو","احتُجز رجل أظهر ""سلوكا مهووسا"" تجاه البريطانية إيما رادوكانو خلال دورة دبي للألف نقطة في كرة المضرب، وفرضت عليه الشرطة أمر تقييد، وفقا لما أعلنته السلطات الخميس.",https://www.skynewsarabia.com/sport/1778599,/v1/2025/02/20/1778598/800/450/1-1778598.png,2025-02-20T17:52:37Z,['التنس']
Sky News Arabic,لمواجهة قرارات ترامب.. المكسيك تتجه لتعديل الدستور,قالت الرئيسة المكسيكية كلاوديا شينباوم اليوم الخميس، إنها ستقترح إدخال تعديلات على الدستور تهدف إلى حماية سيادة البلاد، بعدما أدرجت إدارة الرئيس الأمريكي دونالد ترامب 6 عصابات مخدرات مكسيكية ضمن المنظمات الإرهابية الأجنبية.,https://www.skynewsarabia.com/world/1778594,/v2/2025/01/13/1768504/800/450/1-1768504.jpg,2025-02-20T17:21:24Z,['أميركا لاتينية']
Sky News Arabic,"فيديو.. إعدام 90 حوتا ""كاذبا"" في أستراليا بعد فشل إنقاذهم",اتخذ مسؤولو الحياة البرية في أستراليا قرارا صعبا بإعدام 90 حوتا من فصيلة الحوت القاتل الكاذب، بعد أن حالت الظروف البحرية العنيفة دون إعادتها إلى البحر.,https://www.skynewsarabia.com/varieties/1778587,/v1/2025/02/20/1778586/800/450/1-1778586.png,2025-02-20T17:19:41Z,['أخبار علمية']
Sky News Arabic,"ألمانيا تبدأ تصنيع صاروخ ""الدفاع الفضائي"" الإسرائيلي","بدأت إدارة الجيش الألماني أعمال البناء الخاصة بنظام الدفاع الصاروخي الإسرائيلي ""آرو 3"" في قاعدة هولتسدورف الجوية الواقعة جنوب العاصمة الألمانية برلين.",https://www.skynewsarabia.com/middle-east/1778589,/v2/2024/11/28/1758359/800/450/1-1758359.jpg,2025-02-20T17:17:49Z,['أخبار العالم']
Sky News Arabic,بوتين يشكر محمد بن سلمان لاستضافة المحادثات مع واشنطن,تلقى ولي العهد السعودي رئيس مجلس الوزراء، الأمير محمد بن سلمان بن عبدالعزيز آل سعود، اتصالا هاتفيا اليوم الخميس، من الرئيس الروسي فلاديمير بوتين.,https://www.skynewsarabia.com/middle-east/1778590,/v3/2024/11/06/1753158/800/450/1-1753158.jpg,2025-02-20T17:16:09Z,['أخبار السعودية']
Sky News Arabic,السودان.. أوضاع كارثية بعد تفشي مرض الكوليرا من جديد,حذرت منظمات طوعية من تداعيات خطيرة لتفشي مرض الكوليرا في السودان مجددا، مؤكدة وفاة نحو 60 شخصا من ضمن أكثر من 1200 حالة إصابة وصلت لمستشفى مدينة كوستي في ولاية النيل الأبيض جنوب غرب السودان خلال اليومين الماضيين.,https://www.skynewsarabia.com/middle-east/1778593,/v1/2025/02/20/1778592/800/450/1-1778592.jpg,2025-02-20T17:15:18Z,['أخبار السودان']
Sky News Arabic,الجامعة العربية تحذر من أي خطوات قد تؤدي لتقسيم السودان,أعربت الأمانة العامة لجامعة الدول العربية عن قلقها العميق واستنكارها لأي خطوات قد تمس بوحدة السودان، أو تؤدي إلى تقسيمه أو تفتيته، محذرة من تداعيات مثل هذه التحركات على استقرار البلاد والمنطقة.,https://www.skynewsarabia.com/middle-east/1778582,/v1/2020/06/24/1355288/800/450/1-1355288.jpg,2025-02-20T16:15:25Z,['أخبار السودان']
Sky News Arabic,ترامب: روسيا تمتلك الأوراق الرابحة في التفاوض مع أوكرانيا,قال الرئيس الأميركي دونالد ترامب إن روسيا تملك اليد العليا في محادثات السلام بشأن أوكرانيا، حيث تسيطر عن موسكو جزءًا كبيرًا من أراضي أوكرانيا.,https://www.skynewsarabia.com/world/1778580,/v1/2025/02/20/1778579/800/450/1-1778579.jpg,2025-02-20T16:01:48Z,['أزمة أوكرانيا']
Sky News Arabic,"""مشينة"".. تنديد أممي بطريقة تسليم جثث الرهائن الإسرائيليين","وصفت مفوضية الأمم المتحدة السامية لحقوق الإنسان ترتيبات حركة حماس لتسليم رفات أربعة رهائن إسرائيليين الخميس بأنها ""مشينة وقاسية"".",https://www.skynewsarabia.com/middle-east/1778563,/v1/2025/02/20/1778561/800/450/1-1778561.jpg,2025-02-20T15:58:24Z,['أخبار إسرائيل']
Sky News Arabic,"نتنياهو يعلق على ""عودة التوابيت"" ويقسم على ""إغلاق الحساب""","في أول تعليق له على استعادة جثث أربعة من الرهائن الإسرائيليين، ألقى رئيس الوزراء الإسرائيلي بنيامين نتنياهو خطابًا أكد فيه أن إسرائيل ""موحدة في الحزن والغضب""، متوعدًا بالانتقام ممن وصفهم بـ""وحوش حماس"".",https://www.skynewsarabia.com/middle-east/1778577,/v1/2025/02/20/1778576/800/450/1-1778576.png,2025-02-20T15:53:29Z,['أخبار إسرائيل']
Sky News Arabic,إلغاء مؤتمر صحفي بين زيلينسكي ومبعوث ترامب,كشف مسؤول أوكراني بأنه تم إلغاء مؤتمر صحفي بين الرئيس فولوديمير زيلينسكى ومبعوث الرئيس الأميركي دونالد ترامب، يوم الخميس، بناء على طلب من الولايات المتحدة.,https://www.skynewsarabia.com/world/1778575,/v1/2025/02/10/1775799/800/450/1-1775799.JPG,2025-02-20T15:45:29Z,['أزمة أوكرانيا']
Sky News Arabic,بوتين يجري اتصالا هاتفيا بولي العهد السعودي,قال الكرملين إن الرئيس الروسي فلاديمير بوتين أجرى اتصالا هاتفيا اليوم الخميس بولي العهد السعودي الأمير محمد بن سلمان.,https://www.skynewsarabia.com/middle-east/1778574,/v2/2025/02/17/1777730/800/450/1-1777730.jpg,2025-02-20T15:32:47Z,['أخبار السعودية']
Sky News Arabic,"6.5 مليار دولار قيمة صفقات ""آيدكس ونافدكس 2025"" في 4 أيام","أعلن مجلس التوازن، المسؤول عن إدارة الاستحواذ والمشتريات والعقود لصالح وزارة الدفاع والجهات الأمنية في الإمارات، الخميس، عن توقيع 12 صفقة جديدة خلال اليوم الرابع من معرضي ""آيدكس ونافدكس 2025"" بقيمة 3.77 مليار درهم (حوالي مليار دولار)، لترتفع إجمالي الصفقات المبرمة خلال المعرض إلى 40 صفقة بقيمة 23.7 مليار درهم (6.5 مليار دولار).",https://www.snabusiness.com/article/1778573,/v1/2025/02/18/1777893/800/450/1-1777893.jpg,2025-02-20T15:27:35Z,['أخبار الإمارات']
Sky News Arabic,أرباح إيرباص تنمو بـ 12% خلال 2024 بدعم من الطلب القوي,أعلنت شركة إيرباص، الخميس، ارتفع صافي أرباحها بنسبة 12 بالمئة ليصل إلى 4.2 مليار يورو خلال عام 2024، مدعومًا بالطلب القوي على طائراتها.,https://www.snabusiness.com/article/1778572,/v1/2025/02/20/1778571/800/450/1-1778571.jpg,2025-02-20T15:13:09Z,['أخبار الشركات']
Sky News Arabic,ارتفاع طلبات إعانة البطالة الأميركية بشكل طفيف فاق التوقعات,سجلت طلبات إعانة البطالة في الولايات المتحدة، ارتفاعًا أكبر من المتوقع خلال الأسبوع المنتهي في 15 فبراير، لكنها لا تزال قريبة من المستويات التي تعكس استقرار سوق العمل في أكبر اقتصاد عالمي.,https://www.snabusiness.com/article/1778570,/v1/2024/12/26/1764758/800/450/1-1764758.jpg,2025-02-20T15:04:02Z,['أخبار أميركا']
Sky News Arabic,الرئيس عون: لبنان ليس مفلساً بل دولة منهوبة,"شدد الرئيس اللبناني جوزيف عون، اليوم الخميس، على أن الفساد أصبح ثقافة ولن يتوقف إلا من خلال ""المحاسبة""، مؤكداً أن ""لبنان ليس مفلساً بل دولة منهوبة"".",https://www.skynewsarabia.com/middle-east/1778559,/v1/2025/02/20/1778557/800/450/1-1778557.jpg,2025-02-20T15:02:15Z,['أخبار لبنان']
Sky News Arabic,محمد نزال: نزع سلاح حماس خط أحمر  والتهجير ليس قدرا محتوما,في تصريحات أدلى بها لسكاي نيوز عربية، شدد عضو المكتب السياسي لحركة حماس، محمد نزال، على أن نزع سلاح الحركة ليس مطروحا للتفاوض بأي شكل من الأشكال، معتبرا أن السلاح لن يختفي من غزة أو أي بقعة فلسطينية إلا بإقامة الدولة الفلسطينية المستقلة.,https://www.skynewsarabia.com/middle-east/1778565,/v1/2025/02/20/1778543/800/450/1-1778543.jpeg,2025-02-20T15:00:44Z,['أخبار إسرائيل']
Sky News Arabic,بابا الفاتيكان يغادر سرير المستشفى,أفاد الفاتيكان بأن البابا فرنسيس يواصل تعافيه من الالتهاب الرئوي وتناول الفطور بعيدا عن السرير صباح الخميس، بعد قضاء ليلة سادسة هادئة في المستشفى.,https://www.skynewsarabia.com/world/1778558,/v1/2025/02/20/1778554/800/450/1-1778554.jpg,2025-02-20T14:22:05Z,['أخبار العالم']
Sky News Arabic,"الأردن يستضيف الجمعية العامة الرابعة لـ""التعاون الرقمي""",استقبل جعفر عبد الفتاح حسان، رئيس الوزراء وزير الدفاع الأردني، في عمّان، ديمة بنت يحيى اليحيى، الأمين العام لمنظمة التعاون الرقمي، إلى جانب رؤساء الوفود المشاركة في أعمال الجمعية العامة الرابعة لمنظمة التعاون الرقمي، التي تُعقد في 19 فبراير 2025.,https://www.skynewsarabia.com/varieties/1778545,/v1/2025/02/20/1778544/800/450/1-1778544.jpg,2025-02-20T13:57:49Z,['أخبار الأردن']
Sky News Arabic,"""الأخطر"".. الجانب الآخر من شخصية ""خُط الصعيد الجديد""","أسدل الستار في مصر على واحدة من أخطر البؤر الإجرامية بمحافظة أسيوط بدفن جثث محمد محسوب الملقب بـ ""خط الصعيد الجديد"" وشقيقه كريم ونجله قاسم وآخرين، بحضور عدد قليل جدا من أقارب الدرجة الأولى وسط إجراءات أمنية مشددة، وذلك بعد الحملة الأمنية الناجحة التي أسفرت عن القضاء على هذه البؤرة وعن مقتل 8 عناصر إجرامية وإصابة أحد ضباط الشرطة المشاركين في العملية.",https://www.skynewsarabia.com/varieties/1778464,/v1/2025/02/20/1778463/800/450/1-1778463.png,2025-02-20T13:52:36Z,['حوادث وكوارث']
Sky News Arabic,"دونالد ترامب يتعرض لانتقادات بعد منشور ""الملك""","تعرض الرئيس الأمريكي دونالد ترامب لانتقادات بعد أن شبه نفسه بـ ""الملك"" في منشور على وسائل التواصل الاجتماعي، وذلك بعد قرار إدارته بإلغاء خطة فرض رسوم الازدحام في مدينة نيويورك.",https://www.skynewsarabia.com/world/1778541,/v1/2025/02/20/1778540/800/450/1-1778540.jpg,2025-02-20T13:32:45Z,['أخبار أميركا']
Sky News Arabic,الملك سلمان يعتمد رمز عملة الريال السعوديِ,اعتمد العاهل السعودي، الملك سلمان بن عبد العزيز آل سعود، اليوم الخميس، رمز عملة الريال السعودي في خطوة تاريخية تهدف إلى تعزيز هوية العملة الوطنية.,https://www.skynewsarabia.com/world/1778532,/v1/2025/02/20/1778536/800/450/1-1778536.jpg,2025-02-20T13:23:11Z,['أخبار السعودية']
Sky News Arabic,اجتماع بين قادة دول الخليج ومصر والأردن في السعودية الجمعة,قال مصدر مسؤول إنه بدعوة من ولي العهد السعودي رئيس مجلس الوزراء، الأمير محمد بن سلمان بن عبد العزيز آل سعود، يلتقي في مدينة الرياض، غدا الجمعة، قادة دول مجلس التعاون الخليجي، وملك الأردن عبد الله الثاني، والرئيس المصري عبد الفتاح السيسي، في لقاء أخوي غير رسمي.,https://www.skynewsarabia.com/middle-east/1778527,/v4/2023/10/12/1661068/800/450/1-1661068.JPG,2025-02-20T13:11:05Z,['أخبار السعودية']
Sky News Arabic,إسرائيل وتركيا.. هل تلوح أزمة دبلوماسية في الأفق؟,تواصل إسرائيل عملياتها العسكرية في سوريا، حيث تستهدف مواقع تابعة للجيش السوري وأخرى مرتبطة بإيران وحزب الله. يأتي ذلك في سياق محاولة تل أبيب لتقليص النفوذ الإيراني ومنع نقل الأسلحة المتطورة إلى لبنان.,https://www.skynewsarabia.com/world/1778520,/v1/2025/02/20/1778417/800/450/1-1778417.jpeg,2025-02-20T12:43:42Z,['أخبار إسرائيل']
Sky News Arabic,"""أدنوك"" تعتزم طرح قرابة 3.1 مليار سهم من ""أدنوك للغاز""","أعلنت شركة بترول أبوظبي الوطنية (أدنوك)، الخميس، وهي المساهم المالك لحصة الأغلبية حالياً بنسبة 90% من الأسهم العادية لشركة أدنوك للغاز المحدودة، والتي يتم تداول أسهمها في سوق أبوظبي للأوراق المالية، عن عزمها طرح ما يقرب من 3.1 مليار من أسهم شركة ""أدنوك للغاز"" من خلال طرح مسوّق",https://www.snabusiness.com/article/1778522,/v1/2021/01/26/1410534/800/450/1-1410534.jpg,2025-02-20T12:38:46Z,['أخبار الإمارات']
Sky News Arabic,"السيسي يتوجه إلى السعودية وحديث عن مناقشة ""إعمار غزة""",قالت الرئاسة المصرية في بيان الخميس، إن الرئيس عبد الفتاح السيسي اختتم زيارته للعاصمة الإسبانية مدريد واتجه إلى السعودية، في رحلة يتوقع أن تركز على خطة لإعمار غزة بعد مقترح الرئيس الأميركي دونالد ترامب بتهجير سكان القطاع الفلسطيني إلى دول عربية من بينها مصر والأردن.,https://www.skynewsarabia.com/middle-east/1778521,/v1/2025/02/20/1778518/800/450/1-1778518.jpg,2025-02-20T12:34:42Z,['أخبار مصر']
Sky News Arabic,فيديو.. بدء دخول المنازل المتنقلة من مصر إلى قطاع غزة,عبرت أول دفعة من المنازل المتنقلة اليوم الخميس، إلى معبر كرم أبو سالم تمهيدا لدخولها قطاع غزة.,https://www.skynewsarabia.com/middle-east/1778498,/v1/2025/02/20/1778496/800/450/1-1778496.jpg,2025-02-20T12:33:35Z,['أخبار إسرائيل']
Sky News Arabic,"آبل تكشف عن ""iPhone 16e"" كأرخص هاتف في سلسلة ""آي فون 16""","أعلنت آبل، الأربعاء، عن إطلاق ""iPhone 16e""، وهو إصدار جديد ضمن سلسلة ""آي فون 16"" بسعر أقل من الإصدارات الأخرى، في خطوة تهدف إلى إنعاش مبيعاتها وسط منافسة متزايدة، خاصة في السوق الصينية.",https://www.snabusiness.com/article/1778516,/v1/2024/12/07/1760398/800/450/1-1760398.jpg,2025-02-20T12:21:24Z,['تكنولوجيا']
Sky News Arabic,"""دراجون أويل"" توسّع استثماراتها في مصر","شدد وزير البترول والثروة المعدنية المصري، المهندس كريم بدوي، على حرص بلاده على تعزيز الشراكة مع الشركات الإماراتية في قطاع الطاقة، مشيداً باستثمارات ""دراجون أويل"" ودورها في دعم إنتاج النفط والغاز.",https://www.snabusiness.com/article/1778515,/v1/2024/07/24/1731064/800/450/1-1731064.jpg,2025-02-20T12:19:49Z,['أخبار الإمارات']
Sky News Arabic,عبد الرحيم دقلو: الميثاق الوطني سينهي معاناة السودان,"أكد نائب قائد قوات الدعم السريع عبد الرحيم دقلو، أن الغرض من الميثاق السياسي المعلن وتشكيل حكومة الإستجابة الوطنية هو ""تلبية رغبة السودانيين الذين عانوا من ويلات الحرب""، مشيرا إلى أن القوى الداعمة للميثاق تسعى لإنهاء الأزمة عبر حكومة تنهي المعاناة، واصفا إياها بأنها ""ليست حكومة الدعم السريع"".",https://www.skynewsarabia.com/middle-east/1778505,/v1/2025/02/20/1778607/800/450/1-1778607.jpeg,2025-02-20T12:10:47Z,['أخبار السودان']
Sky News Arabic,انتقد الخصخصة وهاجم 3 أشخاص.. والد الشرع يثير تفاعلا بسوريا,أثار حسين الشرع، والد الرئيس السوري الانتقالي أحمد الشرع، تفاعلاً واسعًا بمنشوراته التي انتقد فيها بشدة التوجه نحو خصخصة القطاع العام، محذرًا من تبعاتها على الاقتصاد والسيادة الوطنية.,https://www.skynewsarabia.com/middle-east/1778506,/v1/2025/02/20/1778504/800/450/1-1778504.jpeg,2025-02-20T12:09:03Z,['أخبار سوريا']
Sky News Arabic,"""مايكروسوفت"" تتوقع ابتكار أول حاسوب كمي تجاري لها قريبا",أعلنت مايكروسوفت، الخميس، أنها تسير بخطى سريعة نحو ابتكار أول حاسوب كمي تجاري خلال بضع سنوات فقط، مستفيدة من التقدم التكنولوجي في هذا المجال، ما يفتح آفاقًا جديدة في الحوسبة الفائقة.,https://www.snabusiness.com/article/1778503,/v1/2024/05/13/1713353/800/450/1-1713353.jpg,2025-02-20T12:00:58Z,['تكنولوجيا']
Sky News Arabic,كيف استقبل الإسرائيليون جثامين الرهائن؟,استقبلت إسرائيل جثامين أربعة رهائن أُعيدوا من قطاع غزة عبر اللجنة الدولية للصليب الأحمر. فور وصولهم إلى إسرائيل، نُقلت النعوش، المغطاة بالعلم الإسرائيلي، في موكب عسكري إلى معهد الطب الشرعي في أبو كبير، وسط مراسم رسمية شملت قراءة المزامير، حرس الشرف، وتحية عسكرية من جنود الجيش الإسرائيلي.,https://www.skynewsarabia.com/middle-east/1778493,/v1/2025/02/20/1778491/800/450/1-1778491.jpg,2025-02-20T11:59:35Z,['أخبار إسرائيل']
Sky News Arabic,72 مليار دولار إيرادات إيرباص في 2024.. نمو بـ 6%,بعد عام مليء بالصعوبات في 2024، أعلنت إيرباص، في بيان الخميس، عن ارتفاع إيراداتها العام الماضي بواقع 6 بالمئة إلى 69 مليار يورو (72 مليار دولار).,https://www.snabusiness.com/article/1778502,/v1/2025/02/20/1778501/800/450/1-1778501.jpg,2025-02-20T11:56:03Z,['أخبار الشركات']
Sky News Arabic,بلومبرغ تتوقع الإبقاء على سعر الفائدة في مصر دون تغيير,يتوقع المحللون تثبيت سعر الفائدة الرئيسية في مصر دون تغيير خلال اجتماع لجنة السياسة النقدية بالبنك المركزي الخميس، في ظل تزايد حالة الغموض الاقتصادي نتيجة قرارات الرئيس الأميركي دونالد ترامب بشأن الرسوم الجمركية ورغبته في تهجير الفلسطينيين من قطاع غزة.,https://www.snabusiness.com/article/1778494,/v1/2024/03/07/1698171/800/450/1-1698171.jpg,2025-02-20T11:37:33Z,['البنوك']
Sky News Arabic,50 مليار دولار إيرادات 6 شركات تابعة لأدنوك في 2024,"حققت شركات مجموعة ""أدنوك"" المدرجة في سوق أبوظبي المالي نتائج مالية قوية لعام 2024، ففد سجّلت الشركات الست إيرادات مجمعة بقيمة 182.4 مليار درهم (حوالي 49.7 مليار دولار) وأرباحا قبل خصم الفائدة والضريبة والاستهلاك والإطفاء بلغت 58.7 مليار درهم (نحو 16 مليار دولار) وصافي أرباح يزيد على 33 مليار درهم (ما يعادل 9 مليارات دولار) لعام 2024.",https://www.snabusiness.com/article/1778492,/v1/2024/05/20/1715256/800/450/1-1715256.jpg,2025-02-20T11:27:43Z,['أخبار الشركات']
Sky News Arabic,"رويترز: ""إس.إم.سي"" السعودية تستعد لطرح عام أولي في ""تداول""","أفادت وكالة رويترز، نقلًا عن ثلاثة مصادر مطلعة، أن مجموعة مستشفيات ""إس.إم.سي"" السعودية للرعاية الصحية، قامت بتعيين بنوك استثمارية لبحث إمكانية طرح عام أولي في السوق المالية السعودية (تداول).",https://www.snabusiness.com/article/1778490,/v1/2022/12/28/1584070/800/450/1-1584070.jpg,2025-02-20T11:14:48Z,['اقتصاد']
Sky News Arabic,الدم يقطر من فم نتنياهو.. حماس ترسل جثامين الرهائن مع رسائل,سلمت حركة حماس ، صبا الخميس، أربعة رهائن إسرائيليين إلى اللجنة الدولية للصليب الأحمر في مراسم لم تخل كالعادة من الرسائل الدعائية كما جرى في عمليات التبادل السابقة.,https://www.skynewsarabia.com/middle-east/1778489,/v1/2025/02/20/1778488/800/450/1-1778488.jpg,2025-02-20T11:06:37Z,['أخبار إسرائيل']
Sky News Arabic,روسيا تحذر بريطانيا من إرسال قوات إلى أوكرانيا,"قالت الرئاسة الروسية ""الكرملين""، اليوم الخميس، إن أي خطة بريطانية لإرسال قوات إلى أوكرانيا في إطار مهمة حفظ سلام محتملة ستكون غير مقبولة بالنسبة لروسيا.",https://www.skynewsarabia.com/world/1778487,/v4/2024/11/26/1757646/800/450/1-1757646.jpg,2025-02-20T10:54:08Z,['أزمة أوكرانيا']
Sky News Arabic,الجيش الإسرائيلي يصدر بيانا حول جثث الرهائن الأربعة,قال الجيش الإسرائيلي أن موكبا ينقل جثث أربعة رهائن سلمتها حركة حماس، الخميس، عبر الحدود من قطاع غزة إلى داخل الأراضي الإسرائيلية بعد تسلم النعوش من الصليب الأحمر.,https://www.skynewsarabia.com/middle-east/1778486,/v1/2025/02/20/1778484/800/450/1-1778484.jpg,2025-02-20T10:44:43Z,['أخبار إسرائيل']
Sky News Arabic,الإسكوا: 292 مليون شخص بلا حماية اجتماعية في العالم العربي,أصدرت لجنة الأمم المتحدة الاقتصادية والاجتماعية لغربي آسيا (الإسكوا)، الخميس، تقريرًا جديدًا بمناسبة اليوم العالمي للعدالة الاجتماعية، يكشف عن تفاوتات عميقة في الوصول إلى الفرص والخدمات الأساسية في المنطقة العربية.,https://www.snabusiness.com/article/1778483,/v1/2025/01/31/1773534/800/450/1-1773534.jpeg,2025-02-20T10:39:43Z,['اقتصاد']
Sky News Arabic,"الكرملين: ""التصريحات الأوكرانية"" غير اللائقة أمر غير مقبول","قالت الرئاسة الروسية ""الكرملين""، اليوم الخميس، إنها ""تتفق تماما"" مع موقف إدارة الرئيس الأميركي دونالد ترامب بشأن ضرورة وضع حد سريع للنزاع في أوكرانيا غداة انتقادات لاذعة متبادلة بين كييف وواشنطن.",https://www.skynewsarabia.com/world/1778480,/v1/2024/06/17/1722572/800/450/1-1722572.jpg,2025-02-20T10:33:18Z,['أزمة أوكرانيا']
Sky News Arabic,رويترز: تيك توك يسرح موظفين ويعيد هيكلة فريق الثقة والأمان,"نقلت وكالة ""رويترز"" عن ثلاثة مصادر قولها إن تطبيق تيك توك للمقاطع المصورة القصيرة سيقوم بتسريح موظفين على مستوى العالم من فريق الثقة والأمان المسؤول عن إدارة المحتوى في إطار عملية إعادة هيكلة.",https://www.snabusiness.com/article/1778479,/v2/2025/02/20/1778478/800/450/1-1778478.JPG,2025-02-20T10:30:33Z,['أخبار الشركات']
Sky News Arabic,روسيا تستهدف منشآت طاقة تدعم مجمع الصناعة العسكرية الأوكراني,أعلنت وزارة الدفاع الروسية، اليوم الخميس، أن قواتها نفذت ضربة ناجحة لمنشآت بنية تحتية للغاز والطاقة تدعم عمل المجمع الصناعي العسكري في أوكرانيا.,https://www.skynewsarabia.com/world/1778477,/v1/2022/06/26/1534376/800/450/1-1534376.jpg,2025-02-20T10:17:38Z,['أزمة أوكرانيا']
Sky News Arabic,بالجينز والسترة.. فيديو الشرع على الحصان يثير التفاعل,أظهر مقطع فيديو منتشر على مواقع التواصل الاجتماعي، الرئيس السوري في المرحلة الانتقالية، أحمد الشرع، وهو يمتطي حصانا باللون الأسود داخل ملعب للخيول.,https://www.skynewsarabia.com/middle-east/1778475,/v1/2025/02/20/1778542/800/450/1-1778542.png,2025-02-20T10:08:40Z,['منوعات']
